"paper","status","year","primary_url","repo_url","datasets","prediction_unit","native_labels","shared_attributes","label_harmonization","missing_label_policy","cooccurrence_modeling","joint_attribute_heads","consistency_loss","dataset_native_heads","cross_dataset_protocol","imbalance_tail_metrics","code_completeness","relevance","novelty_risk","open_gap"
"Towards Enhanced Classification of Abnormal Lung Sound in Multi-breath: A Light Weight Multi-label and Multi-head Attention Classification Method","arXiv v1","2024","https://arxiv.org/abs/2407.10828","","ICBHI 2017","cycle","Normal; Crackle; Wheeze; Both","crackle; wheeze","flat4 encoded as 2D binary vector and reconstructed at inference","none; complete ICBHI labels assumed","Both represented by simultaneous positive attributes","single pathology attribute output; multi-head means class-specific attention","none","no","single-dataset official split","Sp; Se; Score=59.2; no support-aware tail table","no official repo found","near-direct method","near-direct","no cross-dataset; no explicit normal; no unknown mask; no joint flat4 head"
"PC-MCL: Patient-Consistent Multi-Cycle Learning with Multi-Label Bias Correction for Respiratory Sound Classification","ICASSP 2026; arXiv","2026","https://arxiv.org/abs/2601.17080","","ICBHI 2017","concatenated multi-cycle input; cycle inference","Normal; Crackle; Wheeze; Both","explicit normal; crackle; wheeze","3D labels combined by logical OR; reconstructed to flat4 by threshold and priority","none; complete ICBHI labels assumed","logical OR preserves co-occurrence across concatenated cycles","pathology multi-label head plus patient-matching auxiliary; no joint flat4 head","none","no","single-dataset official split","Sp 79.04+-1.90; Se 51.71+-2.98; Score 65.37+-0.73; crackle AP 0.642; wheeze AP 0.663","no official repo found","near-direct method","near-direct","no heterogeneous datasets; no unknown mask; no attr-joint consistency"
"LungMix: A Mixup-Based Strategy for Generalization in Respiratory Sound Classification","ICASSP 2025; arXiv","2025","https://arxiv.org/abs/2501.00064","","ICBHI; SPRSound; HF_Lung","mapped respiratory sample/cycle/event","dataset-specific native labels mapped to flat4","implicit crackle/wheeze semantics through flat4","SPRSound coarse/fine to Crackle and rhonchi/stridor to Wheeze; HF mapped to flat4","not specified; HF missing Both/negative semantics unresolved","bitwise OR semantic mix; crackle plus wheeze becomes Both","single flat4 classifier","none","no","single-source domain generalization; two unseen target datasets; COMB is test aggregation","aggregate Sp/Se/Score; no complete per-class tail evidence","no complete author train/eval pipeline found","near-direct application","near-direct","no pooled masked heterogeneous learning; no native heads; no unknown mask"
"A dataset and benchmark of respiratory sound classification using SPRSound","IEEE TBioCAS","2022","https://doi.org/10.1109/TBCAS.2022.3204910","https://github.com/SJTU-YONGFU-RESEARCH-GRP/SPRSound","SPRSound; ICBHI in data-fusion experiment","event and recording","event seven-class/binary; recording ternary/five-class","none","coarse/fine crackle merged in fusion; ICBHI and SPRSound pooled into six-class benchmark","none","Wheeze+Crackle is a native event class","single fusion classifier","none","separate task models; no explicit native-head plus shared-head design","pooled data-fusion train/test; not source-only transfer","binary Score 61.55 and six-class Score 42.78 in fusion table; class supports supplied","official dataset/evaluation repo; model reproduction scope limited","near-direct data/application","near-direct","no 0/1/unknown; no masked attributes; no consistency"
"Towards Open Respiratory Acoustic Foundation Models: Pretraining and Benchmarking","NeurIPS 2024 Datasets and Benchmarks","2024","https://proceedings.neurips.cc/paper_files/paper/2024/hash/2f803abdcad9de35b45d5a656dade45c-Abstract-Datasets_and_Benchmarks_Track.html","https://github.com/evelyn0414/OPERA","10 respiratory datasets; 19 downstream tasks","dataset/task specific","dataset-specific disease/event/health labels","none for shared crackle-wheeze","shared pretraining; downstream tasks retain own label spaces","not a heterogeneous-label objective","not modeled as shared flat4 co-occurrence","task-specific downstream classifiers; no attr+joint architecture","none","yes at downstream-task level","multi-dataset SSL pretraining; per-task linear probe/fine-tune; selected cross-domain disease tasks","aggregate task metrics; no direct Both/tail evidence for proposed task","official repo available","multi-dataset representation component","partial overlap","no event-level universal attributes; no eligibility mask; no attr-joint consistency"
"A dual-purpose deep learning model for auscultated lung and tracheal sound analysis based on mixed set training","Biomedical Signal Processing and Control","2023","https://www.sciencedirect.com/science/article/pii/S1746809423006559","","HF_Lung_V2; HF_Tracheal_V1","temporal event/window","I/E/CAS events in both domains","none","same task definitions enable mixed-set training","not heterogeneous missing labels","not crackle-wheeze co-occurrence","shared dual-purpose classifier","none","no","separate; mixed pooled; cross-test; target fine-tune/domain adaptation","task-level detection metrics","no official repo verified","pooled/adaptation precedent","partial overlap","not heterogeneous respiratory attributes; no native heads or unknown mask"
"Evaluating few-shot prompting for spectrogram-based lung sound classification using a multimodal language model","PLOS Digital Health","2026","https://journals.plos.org/digitalhealth/article?id=10.1371/journal.pdig.0001179","","ICBHI 2017","cycle/spectrogram prompt","Normal; Crackle; Wheeze; Both","separate crackle and wheeze binary analyses","reports flat4 and two binary views","not applicable; no training","co-occurrence retained in flat4 analysis","no learned attr+joint heads","none","no","single-dataset prompting evaluation","per-class/binary evaluation reported","prompts/protocol in paper; no respiratory training repo needed","analysis precedent","partial overlap","not a learned framework; no cross-dataset or missing labels"
"Multi-Stage Respiratory Sound Analysis: Confidence-Driven Wheeze and Crackle Detection","IEEE Transactions on Biomedical Engineering","2026","https://pmc.ncbi.nlm.nih.gov/articles/PMC13184872/","","private PERCH pediatric data","2 s segment then recording aggregation","Normal; Wheeze; Crackle","separate N-W and N-C classifiers","binary tasks combined by confidence into recording decision","complete private annotations assumed","no Both state; confidence aggregation","two independent binary classifiers; no joint flat4 head","none","no","single private dataset","segment BA 72.15 wheeze and 68.1 crackle; recording BA 62.12","no official repo found","attribute-head component","partial overlap","no Both/co-occurrence; no multi-dataset; no unknown mask"
"Robust and Interpretable Temporal Convolution Network for Event Detection in Lung Sound Recordings","IEEE JBHI","2022","https://arxiv.org/abs/2106.15835","","HF_Lung; ICBHI; private M3DICINE","1 s window with overlap","HF I/E/CAS/DAS; ICBHI/private crackle/wheeze","dataset-specific binary outputs","same architecture applied to each dataset/task","not stated as heterogeneous joint objective","crackle/wheeze tasks evaluated; no joint Both head","separate binary models/tasks","none","no","separate training/evaluation per dataset; not multi-dataset learning","task-specific event metrics","no official repo verified","application reference","partial overlap","no joint learning; no shared attributes across datasets"
"Pretraining Respiratory Sound Representations using Metadata and Contrastive Learning","arXiv; later venue version","2022","https://arxiv.org/abs/2210.16192","https://github.com/ilyassmoummad/scl_icbhi2017","ICBHI; SPRSound","cycle/event by dataset","dataset-native respiratory classes","none","dataset loaders and training selected separately","none","class contrastive objective only","class and metadata contrastive projections; not pathology attr+joint heads","none","no","separate per-dataset training/evaluation","aggregate classification metrics","official repo; separate ICBHI/SPRS paths","component reference","partial overlap","not joint cross-dataset training; no unknown mask"
"Respiratory sounds classification by fusing the time-domain and 2D spectral features (RSC-FTF)","Biomedical Signal Processing and Control","2025","https://www.sciencedirect.com/science/article/pii/S1746809425003015","https://github.com/deegy666/RSC-FTF","ICBHI; SPRSound reported","cycle/event by dataset","dataset-specific classes","none","paper reports both datasets; no verified joint taxonomy","none verified","not central","single classifier architecture","none","no","separate dataset-specific evaluations; no evidence of pooled joint training","aggregate paper metrics","repo pinned at fdd607ca658992f20648c5dc5ee33ed0ecf49a89; README names SPRSound but code currently exposes ICBHI loader only","application reference","low to partial","SPRSound reproduction path is incomplete in code"
"Stethoscope-Guided Supervised Contrastive Learning for Cross-Domain Adaptation","ICASSP 2024","2024","https://arxiv.org/abs/2312.09603","https://github.com/kaen2891/stethoscope-guided_supervised_contrastive_learning","ICBHI 2017","cycle","Normal; Crackle; Wheeze; Both","none","flat4","none","Both is native flat4 class","pathology classifier plus device/domain projections","none","no","within-ICBHI cross-device/domain adaptation","Sp/Se/Score; no shared-attribute tail protocol","official repo available","domain/shortcut component","partial overlap","no multi-dataset label learning; no unknown attributes"
"Quality Adaptive Angular Margin Learning for Respiratory Sound Classification","2026 preprint","2026","https://arxiv.org/abs/2606.11915","https://github.com/RSC-Toolkit/QLung","ICBHI train; SPRSound OOD","cycle/event mapped to flat4","Normal; Crackle; Wheeze; Both","none","flat4 mapping","none reported","Both retained as flat4","single quality-aware flat4 classifier","none","no","ICBHI source training and SPRSound OOD evaluation","quality/class-frequency angular margin; aggregate and class evidence in paper","official repo accessible; main training path is ICBHI-centric","imbalance/OOD component","partial overlap","no heterogeneous joint training; no unknown mask; no native target head"
"Empowering Multimodal Respiratory Sound Classification with Counterfactual Adversarial Debiasing for Out-of-Distribution Robustness (BTS-CARD)","ICASSP 2026; arXiv v2","2026","https://arxiv.org/abs/2510.22263","https://github.com/RSC-Toolkit/BTS-CARD","ICBHI source; SPRSound OOD","cycle/event mapped to flat4","Normal; Crackle; Wheeze; Both","none","flat4 mapping","none","Both retained as flat4","pathology classifier with metadata debiasing branches","none","no","metadata-assisted source training and OOD target evaluation","aggregate OOD metrics; metadata shortcut analysis","official repo pinned at a9982a0e658ee9bb1c5656470e18728b00685a08","metadata-shortcut component","partial overlap","not audio-only heterogeneous attributes; requires metadata supervision"
"Resp-Agent: An Agent-Based System for Multimodal Respiratory Sound Generation and Disease Diagnosis","ICLR 2026 / arXiv","2026","https://arxiv.org/abs/2602.15909","https://github.com/zpforlove/Resp-Agent","ICBHI; SPRSound; UK COVID; COUGHVID; KAUH; HF in pretraining","recording/disease sample","aggregated disease taxonomy and text","none","sources aggregated toward 16 disease classes","not event-level unknown handling","not crackle-wheeze co-occurrence","single disease classifier plus multimodal agents","none","no event-native head preservation","multi-source disease training/generation","disease-level aggregate metrics","official repo available","broad aggregation reference","low to partial","not respiratory event classification; no atomic label objective"
"Multi-class Semantic Segmentation on Heterogeneous Labels","PLOS ONE","2022","https://journals.plos.org/plosone/article?id=10.1371/journal.pone.0263656","https://osf.io/uyk79/","heterogeneously labeled segmentation datasets","pixel","dataset-specific sparse/incomplete labels","universal class availability mask","training uses only annotated/eligible class information","missing labels are not treated as background negatives","exclusive semantic classes","universal output; no respiratory attr+joint heads","mask-based partial supervision","dataset-specific evaluation","multi-dataset heterogeneous-label training","segmentation metrics","official OSF code/data","general method reference","method prior art","segmentation assumptions differ from co-occurring audio attributes and temporal units"
"Multi-Domain Semantic Segmentation With Overlapping Labels","WACV","2022","https://openaccess.thecvf.com/content/WACV2022/papers/Bevandic_Multi-Domain_Semantic_Segmentation_With_Overlapping_Labels_WACV_2022_paper.pdf","","multiple segmentation datasets","pixel","overlapping dataset taxonomies","universal semantic classes","dataset labels map to unions of universal classes","partial-label likelihood avoids forcing one unknown fine class negative","probability of a coarse label is sum over compatible fine labels","single universal classifier","marginal probability objective","dataset-specific evaluation mappings","joint multi-domain training","segmentation mIoU","paper-level implementation details; official repo not verified","general method reference","method prior art","pixel-exclusive latent class differs from multi-label respiratory co-occurrence"
"Marginal loss and exclusion loss for partially supervised multi-organ segmentation","Medical Image Analysis","2021","https://arxiv.org/abs/2007.03868","","multiple partially labeled medical segmentation datasets","voxel/pixel","organ labels with incomplete annotations","fine organ classes under coarse/background supervision","marginalization over fine classes","unannotated organs protected through marginal/exclusion formulation","mutually exclusive organ labels","single segmentation output","marginal and exclusion losses","dataset-specific supervision masks","joint partial-supervision training","segmentation Dice","paper methods available; official repo not verified","general consistency reference","method prior art","exclusive segmentation; not audio multi-label or native unit heads"
"Acknowledging the Unknown for Multi-Label Learning with Single Positive Labels","ECCV","2022","https://arxiv.org/abs/2203.16219","https://github.com/Correr-Zhou/SPML-AckTheUnknown","generic multi-label image datasets","image","single observed positive among many labels","multi-label outputs","no respiratory mapping","unannotated labels explicitly treated as unknown; entropy/pseudo-label strategies","generic label co-occurrence","single multi-label classifier","unknown-aware regularization; not attr-joint marginal consistency","not applicable","single-positive multi-label learning","mAP and class metrics","official repo available","general missing-label reference","method prior art","single-positive assumptions do not match HF interval annotation"
"Large-scale Multi-label Learning with Missing Labels","ICML","2014","https://proceedings.mlr.press/v32/yu14.html","","generic multi-label datasets","sample","incomplete multi-label matrix","generic labels","none","missing labels modeled rather than assigned negative","low-rank label structure","single multi-label predictor","missing-label ERM/regularization","not applicable","generic partially observed label learning","multi-label benchmark metrics","paper algorithms; no modern official pipeline expected","general missing-label reference","method prior art","no respiratory ontology/unit/cross-domain protocol"
"Distribution-Balanced Loss for Multi-Label Classification in Long-Tailed Datasets","CVPR","2021","https://arxiv.org/abs/2007.09654","","generic long-tail multi-label datasets","image/sample","multi-label long-tail classes","generic labels","none","assumes observed labels; does not solve unknown eligibility","models co-occurrence and negative dominance in reweighting","single multi-label classifier","none","not applicable","generic long-tail supervised learning","mAP and per-class long-tail groups","official implementation referenced by paper; not audited here","general imbalance reference","component prior art","does not handle heterogeneous semantics or missing labels"
