dataset,group_id,compatible_label,dbfs_dc,band80_centroid_hz
ICBHI,101,Normal,-27.05079406410748,122.51060884108496
ICBHI,102,Normal,-33.088231511307484,167.06820166490522
ICBHI,103,Normal,-12.265260860006956,229.22950063190095
ICBHI,103,Wheeze,-10.70653094724279,189.2844243788896
ICBHI,104,Crackle,-29.06089884005105,256.90867693858405
ICBHI,104,Normal,-24.27065768415016,214.79732629459903
ICBHI,104,Wheeze,-23.49187659483929,230.3499857399455
ICBHI,105,Normal,-30.65083657641781,859.1366193130837
ICBHI,106,Crackle,-28.352063807658904,124.63864373407549
ICBHI,106,Normal,-26.22006162976326,130.96235518464596
ICBHI,106,Wheeze,-14.497275301664098,103.87038986264407
ICBHI,107,Both,-9.17232075262536,146.22731272163756
ICBHI,107,Crackle,-9.478732591087468,132.53510245585113
ICBHI,107,Normal,-9.633594793316425,175.80443157926197
ICBHI,107,Wheeze,-9.67338374571654,152.86623452197134
ICBHI,108,Normal,-22.009303328709045,110.46387806625177
ICBHI,109,Crackle,-23.83714639477207,148.5208740730766
ICBHI,109,Normal,-24.063147819703556,162.58187266180187
ICBHI,110,Both,-8.045659023670298,112.6132338479634
ICBHI,110,Crackle,-8.801222354493596,115.13283633371624
ICBHI,110,Normal,-10.990147996784197,137.40860053697776
ICBHI,110,Wheeze,-11.55224711406386,142.94500310660123
ICBHI,111,Normal,-43.45758665733547,526.0125451548722
ICBHI,112,Both,-14.35506819936598,153.28706111554726
ICBHI,112,Crackle,-12.232368572534382,148.76679942922354
ICBHI,112,Normal,-23.236774008357685,156.90043532642315
ICBHI,112,Wheeze,-19.976155799556643,134.89081844664037
ICBHI,113,Normal,-19.11242937932014,166.26199415530073
ICBHI,114,Both,-18.95685366277901,134.0974085460886
ICBHI,114,Crackle,-21.09674458330193,142.9690887502375
ICBHI,114,Normal,-20.8103131844137,183.06835312983097
ICBHI,114,Wheeze,-18.00095995122342,142.13664327014916
ICBHI,115,Normal,-23.259016045285172,188.2250042993994
ICBHI,115,Wheeze,-24.321807545277103,131.1292897579028
ICBHI,116,Normal,-34.87977185542026,384.33027216719427
ICBHI,116,Wheeze,-32.17830350512371,154.39426544844864
ICBHI,117,Normal,-46.48519081121039,275.32627025205784
ICBHI,117,Wheeze,-45.14798725871941,305.3841257518931
ICBHI,118,Normal,-20.92604539456222,189.99846555603557
ICBHI,118,Wheeze,-18.650164007703346,190.9635444932138
ICBHI,119,Normal,-36.09475859195273,129.06806381154166
ICBHI,120,Crackle,-10.864873812904172,244.37809075039695
ICBHI,120,Normal,-12.14996040791174,154.70598460447036
ICBHI,121,Normal,-22.325748657919597,411.4680564367341
ICBHI,122,Normal,-22.303887696344972,138.53410828460684
ICBHI,122,Wheeze,-22.119986924417574,138.76523807284934
ICBHI,123,Normal,-13.836153451847174,113.62845853759563
ICBHI,124,Both,-19.57732361915898,227.4250358071406
ICBHI,124,Normal,-21.68302590517687,184.80326266296584
ICBHI,124,Wheeze,-18.070112543377807,194.515419501958
ICBHI,125,Crackle,-20.17593868679835,617.1594433662746
ICBHI,125,Normal,-20.72453591612431,647.3645783631162
ICBHI,126,Normal,-27.89248671195049,123.74938545733625
ICBHI,127,Crackle,-25.713446572790968,123.03474310382904
ICBHI,127,Normal,-26.63537981823221,118.0464903077058
ICBHI,128,Crackle,-47.08158727843287,257.5596095916531
ICBHI,128,Normal,-47.48710899744648,227.48085863900337
ICBHI,129,Crackle,-26.801391197266252,147.51984000302792
ICBHI,129,Normal,-26.267204035726714,139.4392406873488
ICBHI,130,Both,-14.302924221495882,132.93002634354696
ICBHI,130,Crackle,-14.751574664182298,127.22024312994732
ICBHI,130,Normal,-15.800327595721708,136.1223013347248
ICBHI,130,Wheeze,-12.530754963071914,136.9760914304881
ICBHI,131,Normal,-17.606592731254036,196.36395738463153
ICBHI,131,Wheeze,-17.255359525990997,176.54345686610776
ICBHI,132,Crackle,-24.87324248188369,151.7566435062802
ICBHI,132,Normal,-22.649143686804333,138.57510779563978
ICBHI,133,Both,-14.947582278072924,149.06068974542484
ICBHI,133,Crackle,-13.8035075064129,137.17277476159563
ICBHI,133,Normal,-12.31495068290673,135.12273591511712
ICBHI,133,Wheeze,-14.899383853342016,133.61406492746937
ICBHI,134,Normal,-16.811959001699634,148.17486501497388
ICBHI,134,Wheeze,-14.648012971142654,136.24555983538423
ICBHI,135,Crackle,-23.723726403926612,138.43439334648326
ICBHI,135,Normal,-16.800308292954412,158.2719809467388
ICBHI,136,Normal,-13.648512757808849,119.82207482778168
ICBHI,137,Normal,-20.23344565813145,122.35958405738572
ICBHI,138,Both,-9.195167448748016,123.39882323487984
ICBHI,138,Crackle,-11.532780069549698,128.97124543572338
ICBHI,138,Normal,-12.64553561194127,131.6684183085087
ICBHI,138,Wheeze,-13.434492795671648,215.78662909533324
ICBHI,139,Both,-24.64266071133483,205.1651174947371
ICBHI,139,Crackle,-21.577951876907076,205.73367361540735
ICBHI,139,Normal,-21.40827482934695,181.55964307082644
ICBHI,139,Wheeze,-18.604212506557342,174.5990337748069
ICBHI,140,Crackle,-18.81890853489158,145.9358760457378
ICBHI,140,Normal,-16.658774121871865,144.77667329343402
ICBHI,140,Wheeze,-16.445050898067883,133.81717896022428
ICBHI,141,Both,-41.07754141432424,165.07696978926708
ICBHI,141,Normal,-43.559493941644185,126.30938245718563
ICBHI,141,Wheeze,-40.96311799592962,133.15231823811763
ICBHI,142,Crackle,-48.440770070367314,141.43659383443403
ICBHI,143,Normal,-30.629970525438928,153.49083807225463
ICBHI,144,Normal,-25.23300271929744,227.6037774029835
ICBHI,145,Crackle,-21.891775503877636,109.417393172096
ICBHI,145,Normal,-21.510817891545152,131.305690741097
ICBHI,146,Both,-38.29547931543481,164.57494149921504
ICBHI,146,Crackle,-27.465896881234652,122.44357812622827
ICBHI,146,Normal,-33.025340265183715,160.05849328512176
ICBHI,146,Wheeze,-33.6238489889271,292.2656802054462
ICBHI,147,Crackle,-10.564338142453504,349.9977104804891
ICBHI,147,Normal,-10.817067604219751,134.23544877118792
ICBHI,147,Wheeze,-11.34804819876845,137.18003854901735
ICBHI,148,Normal,-22.962721476656572,298.9139877181596
ICBHI,149,Both,-24.17758439028076,132.85814614553263
ICBHI,149,Crackle,-26.56698964797652,164.44050192218927
ICBHI,149,Normal,-25.834995095855852,158.3155854699569
ICBHI,149,Wheeze,-23.22228429712712,149.93481822296528
ICBHI,150,Crackle,-19.770460255456793,119.44100659545776
ICBHI,150,Normal,-18.348408894540253,106.93625716009208
ICBHI,150,Wheeze,-16.76409588585098,214.25973076436557
ICBHI,151,Both,-10.325636178794358,124.61239194092715
ICBHI,151,Crackle,-12.767617447020584,126.19173158956444
ICBHI,151,Normal,-14.044442423464394,135.0205370059625
ICBHI,151,Wheeze,-11.064112500115506,116.80011499179034
ICBHI,152,Normal,-22.01704135550372,132.8615392065369
ICBHI,153,Normal,-22.28210154361451,155.90793294475537
ICBHI,154,Both,-7.215084133415901,118.9235816473205
ICBHI,154,Crackle,-22.97872705244803,142.60223388522033
ICBHI,154,Normal,-23.88250680348122,159.6607325401869
ICBHI,155,Normal,-20.74491298146652,124.2798091345293
ICBHI,156,Both,-27.342007515188023,138.08332574566043
ICBHI,156,Crackle,-26.876051021210788,147.79600938830214
ICBHI,156,Normal,-34.5674121449728,392.33687279551214
ICBHI,156,Wheeze,-29.873511474282815,227.2659160556611
ICBHI,157,Crackle,-10.50263655462012,158.21769416970048
ICBHI,157,Normal,-11.210349781456674,150.72028854806766
ICBHI,158,Both,-10.294773666976418,123.35965979369826
ICBHI,158,Crackle,-10.826456232458902,126.92114422735374
ICBHI,158,Normal,-12.094722520646869,130.0804176857036
ICBHI,158,Wheeze,-9.82775855716668,131.9675151249321
ICBHI,159,Normal,-21.534450879806663,138.35005451833663
ICBHI,159,Wheeze,-21.23302023007296,114.7079204240315
ICBHI,160,Both,-18.036604881303205,116.81514203191696
ICBHI,160,Crackle,-14.87172898057227,144.44299693222513
ICBHI,160,Normal,-10.64282537415422,135.72499332063109
ICBHI,160,Wheeze,-9.423308268329492,117.54823627891216
ICBHI,161,Both,-20.68213353933565,158.10739581197032
ICBHI,161,Crackle,-22.087895698153517,133.64446194403672
ICBHI,161,Normal,-22.059942908830287,167.18605623547973
ICBHI,161,Wheeze,-20.2913112172872,171.47293785613448
ICBHI,162,Both,-11.884562773498264,137.733230174545
ICBHI,162,Crackle,-23.121782063973537,462.11776778879494
ICBHI,162,Normal,-14.412613984196836,158.7106190942907
ICBHI,162,Wheeze,-10.627054555948604,156.70746146413072
ICBHI,163,Crackle,-13.615683575484969,144.00407350967802
ICBHI,163,Normal,-21.47285963549713,148.69125743659094
ICBHI,164,Crackle,-21.7267548716398,131.3467008637471
ICBHI,164,Normal,-25.58737772176729,147.73825394026196
ICBHI,164,Wheeze,-24.55244455729836,141.24856813373322
ICBHI,165,Crackle,-31.372158404100915,134.08100729413923
ICBHI,165,Normal,-33.33165008492182,134.12374857394292
ICBHI,165,Wheeze,-31.73889532223816,154.98135731735735
ICBHI,166,Crackle,-14.645886463326152,146.2104173521679
ICBHI,166,Normal,-12.27479047706115,115.46136774119154
ICBHI,166,Wheeze,-11.905539961764438,99.28934226936887
ICBHI,167,Normal,-29.472390314282343,145.98176881200806
ICBHI,167,Wheeze,-27.8942229855466,184.8538452979797
ICBHI,168,Normal,-30.724004546184315,111.51095537602662
ICBHI,169,Crackle,-26.350292815042465,197.8872608353391
ICBHI,169,Normal,-26.460951979493423,189.04404178574788
ICBHI,170,Both,-15.038091536323083,127.79520934777602
ICBHI,170,Crackle,-17.856617687539995,161.61709416570568
ICBHI,170,Normal,-15.611349504809064,153.0950440828963
ICBHI,170,Wheeze,-16.088366277632687,188.29089880747145
ICBHI,171,Normal,-19.348405832003113,120.48628364955114
ICBHI,172,Both,-11.082921930958149,151.24838133203198
ICBHI,172,Crackle,-18.363385720494975,143.97141646790885
ICBHI,172,Normal,-14.907103935284592,141.92872454594752
ICBHI,172,Wheeze,-14.020758032401949,161.93255536930087
ICBHI,173,Crackle,-18.85009201653033,110.64146399024156
ICBHI,173,Normal,-19.576291183204077,122.0643264649184
ICBHI,174,Both,-7.706442162264787,194.5250455109366
ICBHI,174,Crackle,-14.43712055233443,146.26057735816337
ICBHI,174,Normal,-15.474713347220456,163.06817952412683
ICBHI,174,Wheeze,-14.02436987330619,145.21810427211412
ICBHI,175,Both,-23.928489738670685,150.55627292521206
ICBHI,175,Normal,-20.974446460733468,134.51192018175448
ICBHI,175,Wheeze,-23.13370562175431,153.82658701419598
ICBHI,176,Crackle,-18.655203033847464,144.2656322833792
ICBHI,176,Normal,-19.59758500600155,151.66456411435246
ICBHI,177,Both,-24.55841765256816,128.49265998014667
ICBHI,177,Crackle,-21.499038200370908,126.4689581591636
ICBHI,177,Normal,-16.425082915481727,148.71867501055155
ICBHI,177,Wheeze,-26.29165580161607,125.67858449731224
ICBHI,178,Both,-24.898174867178255,166.59899131759474
ICBHI,178,Crackle,-22.54785419465461,167.43486086977686
ICBHI,178,Normal,-22.419581657094525,174.1750798582992
ICBHI,178,Wheeze,-21.426509295749653,182.60747579706745
ICBHI,179,Both,-19.24208809987779,118.33721670094212
ICBHI,179,Crackle,-20.67681391438534,189.0970011250388
ICBHI,179,Normal,-21.43338757118144,270.3047552465143
ICBHI,179,Wheeze,-26.011169488953406,249.83609819767693
ICBHI,180,Both,-12.800009722085166,136.57343649701693
ICBHI,180,Crackle,-14.23565482492032,137.11465911655955
ICBHI,180,Wheeze,-11.761099693361087,132.64287843060276
ICBHI,181,Crackle,-37.918417254567736,130.85841602650038
ICBHI,181,Normal,-44.03106568851938,248.50721942881563
ICBHI,182,Crackle,-28.140620620493166,143.73791823118728
ICBHI,182,Normal,-27.739696520265827,131.36331646280468
ICBHI,183,Crackle,-30.70787972848976,118.0022133608723
ICBHI,183,Normal,-29.806145851776407,247.47696977644188
ICBHI,184,Normal,-27.87095220913208,125.21091029849416
ICBHI,185,Normal,-20.012176135699775,140.06051971997357
ICBHI,185,Wheeze,-29.36189999978636,126.67889489428411
ICBHI,186,Crackle,-13.509635671095785,143.90267822619217
ICBHI,186,Normal,-14.176792853313156,131.09981636003496
ICBHI,186,Wheeze,-18.484489343122476,116.47761086230608
ICBHI,187,Normal,-15.99047725091866,215.8442936221132
ICBHI,188,Normal,-25.019869963723707,162.40716766146318
ICBHI,189,Crackle,-48.261716369353984,126.99314830015788
ICBHI,189,Normal,-48.33385869574932,128.34647743811743
ICBHI,190,Normal,-25.72352223148205,151.17043732471146
ICBHI,191,Normal,-24.997211180079308,129.13538344777746
ICBHI,192,Both,-27.329091053897145,134.7613864643701
ICBHI,192,Crackle,-24.619866907660743,109.65628796728294
ICBHI,192,Normal,-21.606623027868316,125.7791828506636
ICBHI,192,Wheeze,-24.4864940308686,126.32650186002932
ICBHI,193,Crackle,-21.37075440243325,165.43340237161888
ICBHI,193,Normal,-19.612603590571904,171.2800541293047
ICBHI,193,Wheeze,-16.983953005674127,162.15271629636135
ICBHI,194,Normal,-32.21914354895682,140.7372842623097
ICBHI,195,Both,-20.693746572251072,203.94405164142057
ICBHI,195,Crackle,-26.65894959571701,206.94266949538024
ICBHI,195,Normal,-24.857604902900334,201.8313914603134
ICBHI,195,Wheeze,-23.57567593089556,200.0973030059744
ICBHI,196,Normal,-39.15239304675478,109.4146839127724
ICBHI,197,Crackle,-31.867659784377267,217.4594265864416
ICBHI,197,Normal,-30.48010468128045,143.16609461780456
ICBHI,197,Wheeze,-33.04710372179117,136.81113053293942
ICBHI,198,Crackle,-11.73736833113862,129.33488460576945
ICBHI,198,Normal,-12.793324999135775,127.75718142336191
ICBHI,198,Wheeze,-11.934163469779458,128.3694195371968
ICBHI,199,Crackle,-24.49254668677193,100.05571372128104
ICBHI,199,Normal,-25.39665996366942,94.04990247442642
ICBHI,200,Crackle,-11.784123312292412,163.67296619505476
ICBHI,200,Normal,-11.61099915902168,147.46823101632984
ICBHI,201,Both,-35.7711939400331,146.87880363428138
ICBHI,201,Crackle,-36.18796449366847,141.59906059876957
ICBHI,201,Normal,-37.605041137761305,128.5219652867597
ICBHI,201,Wheeze,-35.95914190618343,159.19355047252355
ICBHI,202,Normal,-26.341363376472415,132.0846653227744
ICBHI,203,Both,-12.959485522885275,181.85209096778607
ICBHI,203,Crackle,-12.22217899038836,162.262118957807
ICBHI,203,Normal,-12.793148883244283,172.26533686287263
ICBHI,203,Wheeze,-12.944661560305844,242.83560406968633
ICBHI,204,Normal,-34.27350932776698,264.2274032124998
ICBHI,204,Wheeze,-45.48176334869801,213.67885814582485
ICBHI,205,Crackle,-18.644829495548343,117.01092390091009
ICBHI,205,Normal,-19.701918936784367,117.31958669589662
ICBHI,206,Both,-22.412288820514675,163.35734907236068
ICBHI,206,Normal,-21.67093577024845,128.6904570257216
ICBHI,206,Wheeze,-22.70713881170927,121.25959443567912
ICBHI,207,Crackle,-15.170463412234287,169.88384744880142
ICBHI,207,Normal,-17.10559725630319,161.91271283225888
ICBHI,207,Wheeze,-19.300642462825767,160.5358751586431
ICBHI,208,Normal,-20.739286640422225,171.1858179003052
ICBHI,209,Normal,-27.970341362004056,424.8116886574125
ICBHI,210,Crackle,-22.87466046456376,186.75191639953744
ICBHI,210,Normal,-21.2015200498484,181.5265772226405
ICBHI,211,Both,-4.563098993486399,153.94953148835242
ICBHI,211,Crackle,-4.068254488248214,149.70392013677676
ICBHI,211,Normal,-12.581085977618365,162.47072023999888
ICBHI,211,Wheeze,-4.56210037268389,168.11814724230263
ICBHI,212,Crackle,-18.355445998255263,133.57677010877228
ICBHI,212,Normal,-18.647144591239716,139.0764444595996
ICBHI,213,Crackle,-8.923279585254663,123.88623578011912
ICBHI,213,Normal,-8.806380001023872,124.78415656894803
ICBHI,214,Normal,-36.23231678902287,144.66020882094583
ICBHI,215,Normal,-41.45086175500548,292.3166830007152
ICBHI,215,Wheeze,-38.97576466933651,112.98665388932268
ICBHI,216,Crackle,-27.931839045872422,115.28091887629986
ICBHI,216,Normal,-23.60124344252994,121.389161978189
ICBHI,216,Wheeze,-20.08447142309731,176.58977926138058
ICBHI,217,Normal,-29.578751207802156,234.393430542584
ICBHI,218,Both,-9.482930502844818,151.39034214953438
ICBHI,218,Crackle,-14.648726942765643,147.51392698869483
ICBHI,218,Normal,-11.129670999563045,205.48712132810624
ICBHI,218,Wheeze,-11.02633180251231,140.01907658034526
ICBHI,219,Crackle,-10.191256064586582,111.5608901902156
ICBHI,219,Normal,-16.264487336789035,122.01892436614166
ICBHI,220,Crackle,-49.12223604367138,237.73061582587695
ICBHI,220,Normal,-46.69352743292899,184.72113311035912
ICBHI,221,Both,-15.55814297262618,150.46997212011712
ICBHI,221,Normal,-16.609544902156127,216.16800765907
ICBHI,221,Wheeze,-16.73828179914548,143.84824619506168
ICBHI,222,Crackle,-11.828398202636842,155.0484549683837
ICBHI,222,Normal,-11.394166081980453,140.28447794565483
ICBHI,222,Wheeze,-10.618830655387196,286.80460248047586
ICBHI,223,Crackle,-13.173936787827936,178.20407104386595
ICBHI,223,Normal,-11.994439893393064,147.17264708969822
ICBHI,223,Wheeze,-13.727939531928968,157.7628612906873
ICBHI,224,Normal,-23.832969108112252,117.44298511354816
ICBHI,225,Normal,-25.965673469596307,137.75808947998712
ICBHI,226,Crackle,-24.65134526040737,178.76656764743666
ICBHI,226,Normal,-22.52303290683718,174.56336680508068
SPRSound,40138127,Normal,-47.912687415455736,212.25509641701257
SPRSound,40490865,Normal,-52.51513140675202,183.40397912732843
SPRSound,40512331,Normal,-53.400334708929336,160.9258171386196
SPRSound,40638274,Crackle,-52.65387186845663,182.14632486912393
SPRSound,40638274,Normal,-52.87213422547243,154.85964034655518
SPRSound,40638274,Wheeze,-56.430596449931514,195.43762490212123
SPRSound,40672181,Normal,-51.32293792506954,148.09961195991048
SPRSound,40686765,Normal,-49.42997157544069,168.57722280032704
SPRSound,40728258,Normal,-50.32417754155431,159.4178345947178
SPRSound,40794666,Normal,-50.247038297492,167.5367645902213
SPRSound,40794825,Normal,-51.635148120640096,182.61212410246793
SPRSound,40794852,Normal,-53.080391754450474,168.22845389874152
SPRSound,40797293,Normal,-48.84952962086301,219.79881921133193
SPRSound,40797382,Crackle,-46.41397418123603,180.5361128396324
SPRSound,40797382,Normal,-48.751388265049314,177.26587605459866
SPRSound,40801342,Crackle,-46.27032902522074,224.76417016003933
SPRSound,40813160,Normal,-52.723728977995066,202.06982080449592
SPRSound,40841531,Crackle,-48.175067669421246,194.98751896162628
SPRSound,40841531,Wheeze,-45.038828965043585,186.71304249381373
SPRSound,40845795,Normal,-50.778333789970624,182.70835581327603
SPRSound,40877908,Crackle,-44.17417800556112,184.00701559265477
SPRSound,40877908,Normal,-47.04569967701282,195.07134340800505
SPRSound,40877908,Wheeze,-51.00731579777724,181.811506974065
SPRSound,40888395,Normal,-44.63113558268254,192.60164967145184
SPRSound,40890405,Normal,-50.09275149971965,159.76950029572168
SPRSound,40908606,Normal,-49.89187557916566,186.38690606764527
SPRSound,40919639,Normal,-51.982805820702126,181.7437890388867
SPRSound,40921345,Normal,-49.184776436726075,170.07742442299983
SPRSound,40933046,Normal,-51.73374033143432,167.2030351519391
SPRSound,40938576,Normal,-46.3197937324768,192.7262366911349
SPRSound,40939271,Normal,-50.95622316522798,188.08769632193696
SPRSound,40943224,Normal,-51.267458316758066,179.82889927911748
SPRSound,40965308,Normal,-54.36577004981437,156.0506408956285
SPRSound,40968057,Normal,-52.89557532318734,212.85543731854895
SPRSound,40969263,Both,-37.816214245079195,215.8140670016045
SPRSound,40969263,Crackle,-51.22862298066125,171.52895816055613
SPRSound,40969263,Normal,-51.01486660308218,165.04594131923395
SPRSound,40970076,Normal,-54.4546437854777,152.09585732094695
SPRSound,40974013,Normal,-54.283422949429585,170.6160169325404
SPRSound,40976541,Normal,-51.183396915060115,191.97630743187153
SPRSound,40976541,Wheeze,-51.808349196955746,238.56248304655327
SPRSound,40978034,Crackle,-53.343905897353395,196.76950518654417
SPRSound,40978034,Normal,-53.600027187565686,143.5786477842405
SPRSound,40993807,Normal,-48.29527825084125,176.61472030287547
SPRSound,40995749,Crackle,-52.0368871863003,199.5215031895387
SPRSound,40995749,Normal,-53.04920995491172,171.50181719480022
SPRSound,40995749,Wheeze,-42.60588063668898,198.525628876184
SPRSound,41004529,Crackle,-46.88836400639585,224.2331217594995
SPRSound,41004529,Normal,-51.01329881513497,213.68178748795737
SPRSound,41004529,Wheeze,-48.69840077534456,187.70432893454733
SPRSound,41006394,Normal,-51.70641855989896,156.77054091448258
SPRSound,41012107,Normal,-51.79110234460283,183.10074234836517
SPRSound,41017156,Normal,-45.83178554139741,165.14565329091153
SPRSound,41020298,Normal,-54.435902017977426,172.87128734044603
SPRSound,41026101,Normal,-40.320557492189685,231.75986749734597
SPRSound,41031554,Normal,-53.57297398310914,172.20665137365916
SPRSound,41031836,Normal,-46.3945769811273,195.3816448024994
SPRSound,41038697,Normal,-51.29427722118909,198.20523993256825
SPRSound,41050041,Normal,-49.6212383234933,176.95837493889397
SPRSound,41052158,Crackle,-50.99347415374571,181.71746672470488
SPRSound,41052158,Normal,-50.052893407319566,182.5180491022088
SPRSound,41056352,Crackle,-50.75342888323139,214.94274247140604
SPRSound,41056352,Normal,-52.71254274474359,194.29008084867675
SPRSound,41056352,Wheeze,-45.38833628360577,191.6818087983411
SPRSound,41056868,Crackle,-48.1135852457309,181.30042737141596
SPRSound,41056868,Normal,-49.79991915328755,176.7535185916392
SPRSound,41063116,Crackle,-51.904096582967135,240.32919153371444
SPRSound,41063116,Normal,-46.92047983241761,224.12132009176975
SPRSound,41063116,Wheeze,-51.90776131478759,243.12790463857348
SPRSound,41064910,Normal,-49.64641386992774,198.13260029266428
SPRSound,41064945,Normal,-52.80985576720106,165.33023512211938
SPRSound,41065704,Normal,-48.13043175456306,205.12137590868895
SPRSound,41066730,Normal,-49.126708938769085,196.45675375112904
SPRSound,41067823,Crackle,-49.436325941634365,192.9807686369698
SPRSound,41067823,Normal,-52.71163502671538,166.2879432163009
SPRSound,41067823,Wheeze,-43.82371151331867,189.4004449035729
SPRSound,41067862,Normal,-54.03340884409321,190.904907313661
SPRSound,41068313,Normal,-52.06761401599813,154.1864276476589
SPRSound,41069224,Normal,-51.91487086541169,179.36336071697565
SPRSound,41069986,Normal,-47.61180746298205,174.86599471348683
SPRSound,41073762,Normal,-51.059337967873375,182.7329125879121
SPRSound,41073831,Normal,-53.6146785412309,182.9441631339936
SPRSound,41074281,Normal,-51.626813822561815,155.59427280835632
SPRSound,41074892,Normal,-50.319013027220336,153.4402107703322
SPRSound,41080062,Normal,-51.07563198762578,192.87860445254583
SPRSound,41080062,Wheeze,-48.415390893620895,222.7045690433826
SPRSound,41082553,Crackle,-52.87484794700957,202.23449251975177
SPRSound,41082553,Normal,-52.26587636438977,180.05233428083005
SPRSound,41085148,Normal,-52.489813625310816,150.55452585132548
SPRSound,41087486,Normal,-50.30131345591196,167.42911197930658
SPRSound,41087486,Wheeze,-45.54926501852137,266.69510925492466
SPRSound,41090326,Normal,-50.61379558934156,165.80633130222
SPRSound,41091768,Crackle,-52.518550435834186,179.77979003847588
SPRSound,41091768,Normal,-51.53562974835288,194.60645105375232
SPRSound,41091988,Normal,-47.92532429573275,205.70551383048337
SPRSound,41092434,Normal,-50.675133062358015,195.3078285008065
SPRSound,41092434,Wheeze,-53.512920402683626,165.982782277086
SPRSound,41096663,Normal,-51.74590302433516,171.68886031793227
SPRSound,41097602,Crackle,-53.33929522834555,190.85346708614952
SPRSound,41097602,Normal,-53.353779135195786,211.91919981430868
SPRSound,41097985,Normal,-49.29356960452509,190.27996902126844
SPRSound,41097986,Crackle,-50.0848589299145,194.0142968874415
SPRSound,41097986,Normal,-50.968536272550594,185.01224476779737
SPRSound,41099241,Normal,-50.86479459009374,162.7076997056104
SPRSound,41100415,Normal,-52.829891929339354,157.33877838644014
SPRSound,41101309,Normal,-41.43280902110605,248.04678901047708
SPRSound,41102359,Normal,-48.72271437784742,184.6426390298712
SPRSound,41102944,Normal,-51.34230550352353,246.8973819397459
SPRSound,41103864,Normal,-50.10705737547534,197.40534402628333
SPRSound,41104324,Normal,-47.23145089282259,182.2009942411507
SPRSound,41106111,Normal,-50.73036379403075,193.76872682041616
SPRSound,41106116,Normal,-54.35922659748712,159.5662028805832
SPRSound,41108858,Normal,-50.56818500101948,176.85964290390947
SPRSound,41112159,Normal,-49.614558615640206,166.86518389939943
SPRSound,41112999,Normal,-52.24624289601888,152.36991339013787
SPRSound,41114600,Normal,-49.14213337153389,199.4539754802559
SPRSound,41115183,Normal,-52.50548419681145,151.43434292312378
SPRSound,41118244,Normal,-53.501753563569665,172.2157445055887
SPRSound,41122685,Normal,-53.18832240105606,156.12450885648144
SPRSound,41125983,Normal,-53.34808419413581,154.0789149013792
SPRSound,41126500,Normal,-52.664219451462145,162.19760244230392
SPRSound,41126642,Normal,-51.86882373851155,159.20987157512587
SPRSound,41129868,Normal,-53.018908588566525,160.5786475329326
SPRSound,41134874,Normal,-48.63612955380296,172.66631922240285
SPRSound,41134874,Wheeze,-50.75324550652529,159.80529588276906
SPRSound,41152442,Normal,-52.401683960003425,163.39274932390452
SPRSound,41156815,Normal,-54.57229641027723,188.46874891173616
SPRSound,41159145,Crackle,-53.0586612338291,207.50847956555867
SPRSound,41159145,Normal,-49.3394309302283,168.80566939174605
SPRSound,41161556,Both,-47.258814651842286,217.49563061862617
SPRSound,41161556,Crackle,-49.52468056414115,197.36595067825803
SPRSound,41161556,Normal,-52.48338773437295,199.92313665918724
SPRSound,41161556,Wheeze,-46.48980351202158,193.08941243661943
SPRSound,41163586,Normal,-50.54968396466148,205.5122209297983
SPRSound,41166273,Normal,-51.6915424646742,182.340089212963
SPRSound,41167576,Normal,-50.046001551153005,190.6799336556464
SPRSound,41171600,Crackle,-46.0014154972253,143.35660700592658
SPRSound,41171600,Normal,-50.619005973815135,170.29728359243526
SPRSound,41171600,Wheeze,-42.15359213182313,288.7243938395187
SPRSound,41173389,Crackle,-55.47718902636353,174.90461515908456
SPRSound,41173389,Normal,-53.46122870183805,167.26570749471122
SPRSound,41173389,Wheeze,-51.296371437871294,176.05867155572233
SPRSound,41186340,Crackle,-50.170793778500624,174.0179394991451
SPRSound,41186340,Normal,-52.00985990220833,166.74015827234905
SPRSound,41187871,Crackle,-49.2078049015258,195.89810245758292
SPRSound,41187871,Normal,-52.69088329073786,180.42430018700233
SPRSound,41187982,Normal,-46.32643129722313,188.95317504602804
SPRSound,41190734,Crackle,-48.57573598643712,203.6364997092828
SPRSound,41190734,Normal,-53.94557599472658,187.77105168030192
SPRSound,41191269,Normal,-54.151948662631085,175.9747583801926
SPRSound,41202647,Crackle,-51.22120388982811,183.00992127340356
SPRSound,41202647,Normal,-51.092021659159016,164.16035561435
SPRSound,41203687,Normal,-52.106660358732256,161.8207377119515
SPRSound,41205122,Normal,-52.72534874550351,202.68092345558145
SPRSound,41205994,Crackle,-54.508676072454904,171.10956539009538
SPRSound,41205994,Normal,-52.751245622981784,178.50230524758874
SPRSound,41209060,Normal,-50.424748008876946,174.01876960288757
SPRSound,41214272,Normal,-49.914494410086846,157.73362216242668
SPRSound,41222985,Normal,-46.6638333011513,188.8497864736636
SPRSound,41222985,Wheeze,-46.39385485483139,196.34790118396725
SPRSound,41223618,Normal,-48.61462195891523,197.80907519187156
SPRSound,41223618,Wheeze,-46.418786348230384,241.89490980273604
SPRSound,41225759,Both,-43.55036764915215,237.9784653216823
SPRSound,41225759,Crackle,-46.42971451650096,232.3416994376279
SPRSound,41225759,Normal,-51.15188886841374,186.02110080008924
SPRSound,41225759,Wheeze,-53.89596426802538,186.79148769270196
SPRSound,41226005,Normal,-51.74817993057811,133.40327641791885
SPRSound,41227367,Normal,-52.63799314665199,176.0061030062145
SPRSound,41233462,Crackle,-51.94405499368657,187.8966468299877
SPRSound,41243139,Crackle,-57.20152477124839,170.0613286343034
SPRSound,41243139,Normal,-50.506920044713425,154.99158505702155
SPRSound,41243139,Wheeze,-47.84004533918858,230.46674415281203
SPRSound,41244654,Normal,-44.37350698809505,193.49652627466213
SPRSound,41244654,Wheeze,-33.46153551763837,246.08013632669068
SPRSound,41246413,Normal,-54.47560183060172,144.47067980388982
SPRSound,41246720,Crackle,-48.837380115629585,168.60143774555326
SPRSound,41246720,Normal,-51.81863779700382,174.2527459584465
SPRSound,41246720,Wheeze,-48.085945769403395,156.80540426945106
SPRSound,41247791,Crackle,-49.33095250177266,191.34543440349805
SPRSound,41247791,Normal,-50.65473472129297,194.12387075970156
SPRSound,41249093,Crackle,-51.56241442419972,192.98480944112697
SPRSound,41249093,Normal,-50.72230709620861,149.49420639633314
SPRSound,41251473,Crackle,-43.50152353288081,173.0659621470037
SPRSound,41251473,Normal,-48.2660289814811,176.67141477909115
SPRSound,41251473,Wheeze,-36.55336535389618,205.68376055535023
SPRSound,41259325,Crackle,-50.6329813078138,162.68372336323603
SPRSound,41259325,Normal,-48.783068648809746,162.5849841579797
SPRSound,41259325,Wheeze,-45.368651758849786,185.08402674806197
SPRSound,41260242,Normal,-47.8254326761403,211.83408709166395
SPRSound,41260370,Normal,-55.841149247153034,171.5955740630314
SPRSound,41260684,Normal,-48.70470551861988,177.13157583372674
SPRSound,41260844,Normal,-48.832206181119545,153.17551971055872
SPRSound,41260853,Crackle,-53.41414170928827,190.77988423153772
SPRSound,41260853,Normal,-57.37349804296073,150.49724655808853
SPRSound,41261485,Crackle,-46.979835724920974,213.75353212404428
SPRSound,41261485,Normal,-52.16168396405061,198.82453648374204
SPRSound,41261802,Normal,-48.803091724457666,196.47701990866187
SPRSound,41261802,Wheeze,-51.22951647291265,208.8239533208544
SPRSound,41262295,Normal,-50.55863015897667,189.37735637874388
SPRSound,41262399,Both,-44.68226402179493,303.5917447350544
SPRSound,41262399,Crackle,-47.74825547985494,214.85186893466428
SPRSound,41262399,Normal,-48.65351425489664,217.7736939557541
SPRSound,41262399,Wheeze,-38.431030234943535,284.25017410842327
SPRSound,41262439,Crackle,-51.60507051282281,180.01112483309538
SPRSound,41262439,Normal,-51.63403217092711,176.23765771638395
SPRSound,41262439,Wheeze,-50.7691011042127,173.80597663597015
SPRSound,41262442,Normal,-52.77260369657296,182.64578342709467
SPRSound,41263355,Crackle,-46.83899131015416,186.48815117766503
SPRSound,41263355,Normal,-48.412037746414576,166.22688987776075
SPRSound,41263406,Normal,-48.46564204095952,178.04473486879
SPRSound,41263490,Normal,-50.960965783791465,186.57074829953496
SPRSound,41263533,Crackle,-44.921209966925275,269.9291902280538
SPRSound,41263533,Normal,-46.23396641566558,227.1246000562061
SPRSound,41264697,Normal,-49.07496211961461,177.95397016083754
SPRSound,41266405,Normal,-51.84453954662276,164.46903789657404
SPRSound,41267024,Both,-35.85201511692755,212.58450684322315
SPRSound,41267024,Crackle,-43.200740083524096,201.90638095803752
SPRSound,41267024,Normal,-50.773635417848915,174.70320296459906
SPRSound,41267024,Wheeze,-39.98757546613854,228.61411946318884
SPRSound,41267028,Crackle,-46.75428752317997,209.3242533275856
SPRSound,41267028,Normal,-45.058823432280995,227.77365366979683
SPRSound,41267028,Wheeze,-46.064676698025096,264.6255401313509
SPRSound,41269095,Normal,-53.88140040171177,199.16499163595745
SPRSound,41271028,Crackle,-41.71519547028329,200.50380405174488
SPRSound,41271028,Normal,-51.444548451790325,197.7956447378387
SPRSound,41271028,Wheeze,-50.30868216928069,229.32976119526808
SPRSound,41273341,Normal,-53.098341061796184,172.54697700580684
SPRSound,41274453,Normal,-41.45708558077963,202.72782034837073
SPRSound,41274453,Wheeze,-45.55942633506445,197.36972339123292
SPRSound,41275173,Crackle,-52.493995769067155,161.90346163652242
SPRSound,41275173,Normal,-53.427277134801,161.39224978383402
SPRSound,41275242,Crackle,-50.30041786791276,203.19232272129744
SPRSound,41275242,Normal,-52.520227112641,175.35387773803646
SPRSound,41275381,Normal,-46.578135922185304,146.60184799734756
SPRSound,41275680,Crackle,-44.853339703259614,184.7626311795625
SPRSound,41275680,Normal,-47.869119907331005,201.55972082976916
SPRSound,41276107,Normal,-49.90462048580304,198.57587443462347
SPRSound,41277654,Normal,-52.01630797824123,174.53618606320205
SPRSound,41277716,Normal,-46.99816797758048,256.11849977680583
SPRSound,41277943,Normal,-54.6789446697244,159.00285257666204
SPRSound,41279299,Normal,-48.25712742417263,178.80643869295668
SPRSound,41279299,Wheeze,-45.88640244557585,209.1165474669898
SPRSound,41279835,Crackle,-45.34304453988015,167.00922004157607
SPRSound,41279835,Normal,-55.2749631121782,183.86679362252443
SPRSound,41280784,Normal,-48.74754442460804,166.0072656463246
SPRSound,41281088,Normal,-53.28526894344293,174.31422362310042
SPRSound,41281333,Crackle,-44.79053843630574,197.9246900011603
SPRSound,41281333,Wheeze,-31.966915651608385,242.34687736158844
SPRSound,41281695,Crackle,-43.87962986024246,183.88345706611057
SPRSound,41281695,Normal,-50.20896494419026,197.34050115398364
SPRSound,41281695,Wheeze,-36.69245278264458,221.53103484513596
SPRSound,41283394,Normal,-52.24771423510654,196.6600968235266
SPRSound,41283612,Crackle,-48.87474756446341,223.88616059424248
SPRSound,41283612,Normal,-47.43397300996406,232.97853432977135
SPRSound,41283612,Wheeze,-34.44488176603796,187.94533442279752
SPRSound,41283662,Normal,-51.121639178034975,167.66236893923033
SPRSound,41283664,Normal,-48.711968786860936,185.2169314258137
SPRSound,41283744,Normal,-49.95090139582851,160.05098561767295
SPRSound,41284716,Normal,-54.467922764734105,172.45908221800124
SPRSound,41285705,Crackle,-44.18274670610979,226.93171565581417
SPRSound,41285705,Normal,-44.93769653681146,183.2462249417841
SPRSound,42272778,Normal,-55.295951709592934,163.88428076879177
SPRSound,63211196,Normal,-49.59942398063548,174.66206911319517
SPRSound,63524070,Normal,-50.41408926280576,135.13550586613445
SPRSound,63573658,Crackle,-47.959674154412355,195.6700310678367
SPRSound,63573658,Normal,-50.00146308775376,181.84083737020688
SPRSound,63613821,Crackle,-39.215062672890475,183.33335593381432
SPRSound,63613821,Normal,-45.4874934205896,201.7171348828067
SPRSound,63658468,Normal,-52.66178984985808,188.33022109309715
SPRSound,63723123,Normal,-53.21416418905312,137.9195127486248
SPRSound,63902360,Normal,-53.22759892292254,146.35892782488972
SPRSound,63906783,Normal,-49.61095113998277,182.0088119159683
SPRSound,64007452,Crackle,-47.46105853934225,176.1307641644799
SPRSound,64007452,Normal,-49.11867438929872,170.8605461096588
SPRSound,64007452,Wheeze,-47.56947111163652,217.17008094208109
SPRSound,64076634,Crackle,-52.35068278824575,254.46620112094885
SPRSound,64076634,Normal,-52.590626044151975,173.82014480304284
SPRSound,64369787,Normal,-47.78159252143316,158.05131759160184
SPRSound,64540514,Normal,-52.95606745794467,173.37448047245283
SPRSound,64552260,Normal,-50.24152775142716,168.95895697972134
SPRSound,64561565,Crackle,-47.95045571096678,224.15342606962085
SPRSound,64585803,Normal,-50.990997199046696,169.97332572234234
SPRSound,64601539,Normal,-50.42931683161461,157.08682706642037
SPRSound,64618861,Normal,-50.89821774936032,171.63078438420425
SPRSound,64618861,Wheeze,-46.063175565016685,182.43392204912172
SPRSound,64634665,Normal,-49.809223218303146,224.95455686600235
SPRSound,64678063,Normal,-48.43949997134379,165.10641124584808
SPRSound,64678063,Wheeze,-45.80783293529845,189.4722683939255
SPRSound,64714172,Normal,-52.45363170915111,178.6157745636977
SPRSound,64714172,Wheeze,-48.48844160248187,276.8635839798375
SPRSound,64719544,Crackle,-47.12349416822329,202.8223542674
SPRSound,64719544,Normal,-51.21879363033425,203.3083882288215
SPRSound,64726697,Normal,-54.34355078484109,134.8529982788308
SPRSound,64726870,Crackle,-51.03152992340358,180.66176489869432
SPRSound,64726870,Normal,-49.10772525087515,168.6582356572261
SPRSound,64727249,Normal,-50.98839740520137,171.730227334074
SPRSound,64727486,Crackle,-44.12032952897625,201.79639902813744
SPRSound,64727486,Normal,-48.23115755059932,207.39913861292348
SPRSound,64727486,Wheeze,-44.03008659834997,217.04862273951616
SPRSound,64743918,Both,-50.15073164499263,201.30932511060365
SPRSound,64743918,Crackle,-50.28619267951176,178.93006746267264
SPRSound,64743918,Normal,-51.16639392159086,156.29027125506752
SPRSound,64743918,Wheeze,-46.1086118736139,190.53076159254928
SPRSound,64779933,Crackle,-43.454136103412225,183.7818503472472
SPRSound,64779933,Normal,-49.361695040075375,252.57395361697365
SPRSound,64779933,Wheeze,-40.97872374860343,249.9777800133339
SPRSound,64783073,Crackle,-45.403198360421,187.93874138275
SPRSound,64783073,Normal,-49.90838766949959,191.4860062332907
SPRSound,64827886,Normal,-55.77660757538376,170.44623711319315
SPRSound,64835860,Normal,-48.371382904356,197.90252864161937
SPRSound,64837947,Crackle,-52.70203611853736,176.15836224196244
SPRSound,64837947,Normal,-51.77874688603724,180.3306299350011
SPRSound,64840083,Normal,-50.19193411072047,217.5623985923502
SPRSound,64875857,Crackle,-52.054211822488554,189.93075764392745
SPRSound,64875857,Normal,-51.272034965758166,182.214896812019
SPRSound,64876470,Normal,-52.509692085875514,171.40520425578683
SPRSound,64878787,Normal,-43.80207083240392,172.73638232163728
SPRSound,64913238,Crackle,-49.78046705808509,197.26528989352173
SPRSound,64913238,Normal,-52.4605847133149,211.50587316079384
SPRSound,64913238,Wheeze,-47.705568190695274,236.84170584923407
SPRSound,64914400,Normal,-54.7227417808958,176.71889760543485
SPRSound,64940479,Normal,-51.922625145885334,185.7755901124684
SPRSound,64951742,Normal,-45.15580071538038,171.77749890731943
SPRSound,64960343,Both,-34.510780908507954,214.69945483228625
SPRSound,64960343,Crackle,-35.92224093104944,205.08073024079616
SPRSound,64960343,Wheeze,-33.73672285429523,218.6103238705952
SPRSound,64969358,Normal,-55.917645097123454,161.95160806097817
SPRSound,64974732,Normal,-53.55237934143588,197.15044724240352
SPRSound,65005529,Crackle,-50.301122103194366,161.67871196373568
SPRSound,65005529,Normal,-46.922726967088785,165.0584606596541
SPRSound,65019620,Crackle,-47.721898525475254,186.9911397171793
SPRSound,65019620,Normal,-53.15246447589318,158.1928547209188
SPRSound,65019620,Wheeze,-51.242999093268786,204.69278005879715
SPRSound,65027819,Normal,-41.578856459740486,218.50720603755897
SPRSound,65028783,Normal,-55.87244013075918,195.4696017206086
SPRSound,65031500,Normal,-53.03787036268336,165.6564284260577
SPRSound,65032402,Both,-44.578987777415904,225.0980753396016
SPRSound,65032402,Crackle,-35.541666342011325,173.16468242259268
SPRSound,65032402,Wheeze,-48.68361392458877,176.35480229994346
SPRSound,65034376,Normal,-45.764328996420545,191.7395100741589
SPRSound,65036167,Crackle,-57.60528387131057,173.02399521010844
SPRSound,65036167,Normal,-50.68462920914057,165.3088356288165
SPRSound,65037547,Normal,-53.39889676381127,169.1012128342927
SPRSound,65038439,Crackle,-39.31821111527064,193.8007999670508
SPRSound,65038439,Normal,-47.98642746299181,178.19891562810625
SPRSound,65039232,Normal,-51.630355619481925,174.7649894341209
SPRSound,65042563,Normal,-48.350770742354314,227.9882742510836
SPRSound,65043263,Both,-34.49313796582724,176.19248070907614
SPRSound,65043263,Crackle,-31.58076065323156,219.98010590386343
SPRSound,65043263,Normal,-48.658406210749455,197.35609779982667
SPRSound,65043263,Wheeze,-50.2902703960175,171.74317390245506
SPRSound,65044049,Crackle,-53.76482922587517,195.87492182521325
SPRSound,65044049,Normal,-49.83796004224892,199.1860805979149
SPRSound,65044157,Crackle,-39.5598331349528,202.0196608258823
SPRSound,65044157,Wheeze,-50.49650128114253,182.36478248497752
SPRSound,65044484,Normal,-47.76753991845415,191.84148701521903
SPRSound,65044484,Wheeze,-46.01339535980587,229.89412891494655
SPRSound,65044711,Crackle,-50.32360912653476,188.9561920440883
SPRSound,65044711,Wheeze,-48.13902360403779,441.2417969535676
SPRSound,65045423,Normal,-49.59259129337622,162.36939719768864
SPRSound,65045840,Normal,-52.421656776551224,185.3399345246825
SPRSound,65048146,Normal,-51.52934434688611,187.37094165101615
SPRSound,65049153,Crackle,-43.05092355626196,221.8696196709515
SPRSound,65049153,Normal,-41.24032673012276,214.38282911760615
SPRSound,65049153,Wheeze,-41.975736929299615,225.99826775444112
SPRSound,65050748,Crackle,-46.911507541753814,223.6203801247372
SPRSound,65051326,Normal,-49.145112623542495,195.81118947090383
SPRSound,65051326,Wheeze,-48.3548322299881,173.81511829165564
SPRSound,65052443,Normal,-40.95431987024771,138.78668056931178
SPRSound,65052739,Normal,-55.76331718410094,165.4776199300351
SPRSound,65052776,Normal,-50.7232985175126,141.9438828011127
SPRSound,65055195,Normal,-49.29534310496008,189.57173534124723
SPRSound,65056075,Normal,-53.12994186770544,175.407542804668
SPRSound,65056986,Normal,-50.32337375903785,162.38988089326836
SPRSound,65057715,Normal,-53.49469945624671,161.05482488709106
SPRSound,65058398,Normal,-52.794625738664905,151.76415701430986
SPRSound,65058931,Normal,-54.0085702390519,189.1783364626259
SPRSound,65060531,Crackle,-48.17378599521776,213.32088412828264
SPRSound,65060531,Normal,-48.027672648220765,219.6728291354672
SPRSound,65061246,Normal,-50.44686062964857,183.7866635515543
SPRSound,65063170,Normal,-54.9990781306544,207.9185347737904
SPRSound,65064302,Normal,-47.354237765017096,235.45722401519217
SPRSound,65066035,Normal,-43.00940296043623,216.1281390875193
SPRSound,65066035,Wheeze,-43.06116206101743,209.47937258039025
SPRSound,65066754,Crackle,-52.53097080450166,198.35880033427424
SPRSound,65066754,Normal,-52.89688780021622,175.4448547827456
SPRSound,65068248,Crackle,-43.800293664875525,183.33620787390336
SPRSound,65068248,Normal,-47.75160009548602,186.2983400211117
SPRSound,65070606,Normal,-49.75002266303403,178.93566129195506
SPRSound,65071184,Normal,-52.84226102051068,168.7639616986704
SPRSound,65074779,Normal,-52.29261402789552,182.32823006485685
SPRSound,65076987,Normal,-53.81587660546317,164.58098243265945
SPRSound,65077374,Normal,-52.30720427720442,181.52580382826363
SPRSound,65078476,Normal,-52.008366813206656,176.64291819678567
SPRSound,65079896,Crackle,-49.638778320181515,196.28138203440375
SPRSound,65079896,Normal,-51.026964258983895,165.27486471750046
SPRSound,65079896,Wheeze,-48.1272366776475,150.89014554433473
SPRSound,65080696,Crackle,-51.1326118061622,177.60036336316813
SPRSound,65080696,Normal,-54.336827769572224,159.00963947927676
SPRSound,65090048,Both,-33.78542250129564,181.22990290003284
SPRSound,65090048,Normal,-25.230747219382124,175.78535212532793
SPRSound,65090048,Wheeze,-30.9443303129185,231.38465113873968
SPRSound,65090966,Normal,-52.03139108344029,153.33475923652458
SPRSound,65091224,Normal,-49.49734596610472,175.04174100285468
SPRSound,65091224,Wheeze,-46.874177473166995,221.35291109815276
SPRSound,65091359,Normal,-52.14727410958427,176.4566588594808
SPRSound,65094564,Normal,-48.5653351187765,208.89044044007437
SPRSound,65096140,Normal,-57.04257640710115,151.06596532872732
SPRSound,65097128,Crackle,-51.55617264992639,175.42578939478682
SPRSound,65097128,Normal,-51.203693849733185,168.00176835865972
SPRSound,65099422,Crackle,-47.63487591256151,233.4499425834885
SPRSound,65099422,Normal,-49.27152358149627,231.64202322066268
SPRSound,65099422,Wheeze,-46.34174606931968,240.41919384118324
SPRSound,65100087,Normal,-51.65641226286195,156.76330123236443
SPRSound,65101170,Normal,-46.9449417520124,181.89335791234404
SPRSound,65101170,Wheeze,-35.668551716365236,172.80119636515897
SPRSound,65101997,Normal,-42.53610593322594,191.1762401924674
SPRSound,65106469,Crackle,-42.42453889359617,197.34009473811244
SPRSound,65106469,Normal,-47.06551550300733,202.4133524496628
SPRSound,65107404,Normal,-48.95438115756222,153.23915506915398
SPRSound,65107666,Normal,-56.52251300171872,163.78148070742856
SPRSound,65109516,Crackle,-49.058200713184334,196.4818940604586
SPRSound,65109516,Normal,-51.027166361863024,183.8758698353075
SPRSound,65109516,Wheeze,-45.13043894475221,197.3610324660417
SPRSound,65114385,Normal,-48.9995084666418,161.1504839166727
SPRSound,65114631,Crackle,-44.93454957798274,208.3592718342789
SPRSound,65114631,Normal,-41.76513301275587,288.39520181214044
SPRSound,65114720,Normal,-49.42409289942245,232.76572762237296
SPRSound,65114720,Wheeze,-43.983279454134035,211.93255661429453
SPRSound,65115243,Normal,-41.16903030887916,143.08418236264168
SPRSound,65115243,Wheeze,-37.96525659285912,156.73445052105757
SPRSound,65118898,Normal,-42.14246478474287,207.4617063050007
SPRSound,65118898,Wheeze,-34.18217044302544,287.3394700732464
SPRSound,65121853,Crackle,-38.61297541622173,241.6018530287446
SPRSound,65121853,Normal,-36.99084520259429,203.3980823583367
SPRSound,65121853,Wheeze,-39.87226942706207,225.2147523851281
