dataset,group_id,PC1,PC2,weight
HF_Lung,date:20190801,2.676493850615949,0.16153187779633665,0.00641025641025641
HF_Lung,date:20190802,1.580608028713795,-0.6789466315529769,0.00641025641025641
HF_Lung,date:20190803,1.6831562150024255,0.1756662179708378,0.00641025641025641
HF_Lung,date:20190805,1.9634157943450856,0.5699899454008438,0.00641025641025641
HF_Lung,date:20190806,2.017639752600958,1.8303346038333608,0.00641025641025641
HF_Lung,date:20190807,1.9019526710172971,0.1009712781579478,0.00641025641025641
HF_Lung,date:20190808,0.5258576790828174,-1.2028786613216216,0.00641025641025641
HF_Lung,date:20190809,1.7541441272410143,-0.1752471228735205,0.00641025641025641
HF_Lung,date:20190810,2.358969692286333,-1.1417811617901423,0.00641025641025641
HF_Lung,date:20190811,1.7217071093692549,0.039847316154562044,0.00641025641025641
HF_Lung,date:20190812,1.1548227028816493,-0.020862814502248313,0.00641025641025641
HF_Lung,date:20190813,2.4643271040817063,0.3772956738607334,0.00641025641025641
HF_Lung,date:20190815,1.3970286451708696,-0.17347046337197422,0.00641025641025641
HF_Lung,date:20190816,1.6278647311849206,0.8007526692935195,0.00641025641025641
HF_Lung,date:20190818,1.9915003051614963,-1.1461613112286828,0.00641025641025641
HF_Lung,date:20190819,1.738877819290052,1.0433677604486051,0.00641025641025641
HF_Lung,date:20190821,0.569364857690758,-0.7775450273070573,0.00641025641025641
HF_Lung,date:20190822,1.0139329988630925,1.4974295808593017,0.00641025641025641
HF_Lung,date:20190824,1.5488579136565919,-0.8582410533764966,0.00641025641025641
HF_Lung,date:20190825,1.5718730210555028,-1.03999680700694,0.00641025641025641
HF_Lung,date:20190828,0.9006836657358306,-0.6405855596977484,0.00641025641025641
HF_Lung,date:20190901,1.943426551312188,-0.6799996669896605,0.00641025641025641
HF_Lung,date:20190902,2.0982471966251968,-0.2678484480166927,0.00641025641025641
HF_Lung,date:20190903,2.0880635685262514,-1.1172121830860118,0.00641025641025641
HF_Lung,date:20190908,1.456550920355065,-0.2396109353055393,0.00641025641025641
HF_Lung,date:20190917,1.9012889400184019,-0.05610253360037732,0.00641025641025641
HF_Lung,date:20190918,2.562867452409791,0.6667174151515646,0.00641025641025641
HF_Lung,date:20190920,1.4485386828504574,-0.5877323866378936,0.00641025641025641
HF_Lung,date:20190922,1.019077259556608,-0.14206431650762888,0.00641025641025641
HF_Lung,date:20190926,1.7594389820674008,0.11687933678003491,0.00641025641025641
HF_Lung,date:20190928,1.6704231610765161,0.24750780478111334,0.00641025641025641
HF_Lung,date:20190929,1.1532098598974092,-0.5170326820642571,0.00641025641025641
HF_Lung,date:20191001,2.6211474903152396,0.8170970560303294,0.00641025641025641
HF_Lung,date:20191006,1.5068398058294687,-0.8641382160968855,0.00641025641025641
HF_Lung,date:20191017,0.9874495302136539,-1.0126696087997873,0.00641025641025641
HF_Lung,date:20191025,1.5976244139892946,0.20176876256206444,0.00641025641025641
HF_Lung,date:20191027,0.3180140448476486,-0.5922807782589558,0.00641025641025641
HF_Lung,date:20191029,2.497208952964578,-1.6118048349569767,0.00641025641025641
HF_Lung,date:20191030,2.154286971532557,-1.4842194068814252,0.00641025641025641
ICBHI,101,-1.6438941433978942,-0.41261214303053545,0.001984126984126984
ICBHI,102,-0.5062990405828486,-0.7411723783183048,0.001984126984126984
ICBHI,103,1.0228860764389804,-0.7257424494480341,0.001984126984126984
ICBHI,104,0.766258548280772,1.480012971934685,0.001984126984126984
ICBHI,105,7.3409994264967695,5.968825337942087,0.001984126984126984
ICBHI,106,-2.8949036142077205,0.8734588725169798,0.001984126984126984
ICBHI,107,-0.9606975878731395,-0.5837137256300133,0.001984126984126984
ICBHI,108,-2.1050498333005634,-0.3405231570555938,0.001984126984126984
ICBHI,109,-0.8171595324391299,-0.034697875878899574,0.001984126984126984
ICBHI,110,-0.6312622242999081,-0.3307454031689359,0.001984126984126984
ICBHI,111,4.243679764742139,-0.22963313419712325,0.001984126984126984
ICBHI,112,-0.7569791245212649,-0.9491470712232069,0.001984126984126984
ICBHI,113,-0.5664020119943578,1.0615775088311508,0.001984126984126984
ICBHI,114,-0.6792130871736893,-0.14525573392727037,0.001984126984126984
ICBHI,115,-0.06221214811101187,-1.1614355987573242,0.001984126984126984
ICBHI,116,3.3590415063872334,3.247511076954112,0.001984126984126984
ICBHI,117,1.2699534641091172,-1.3489501456024617,0.001984126984126984
ICBHI,118,0.008286072946336041,1.0097629287268535,0.001984126984126984
ICBHI,119,-1.3233161288966502,-0.6232460700826121,0.001984126984126984
ICBHI,120,-0.012480494756777795,-0.6641654189349474,0.001984126984126984
ICBHI,121,2.7719198571018477,-1.9540709240553678,0.001984126984126984
ICBHI,122,-1.1480440186508851,-0.11279233351708212,0.001984126984126984
ICBHI,123,-1.8725022217028617,-0.5475108370807761,0.001984126984126984
ICBHI,124,-0.04540391287207399,1.6274026418202578,0.001984126984126984
ICBHI,125,3.952887413962465,-2.2044682513075045,0.001984126984126984
ICBHI,126,-1.7707939848676526,-0.4373244640609889,0.001984126984126984
ICBHI,127,-1.6631371699505653,-0.5652459487179827,0.001984126984126984
ICBHI,128,1.0448771927620375,-1.420305087789578,0.001984126984126984
ICBHI,129,-0.5975821860975882,-0.33419385629178344,0.001984126984126984
ICBHI,130,-1.4688982976389144,-0.48832260179793147,0.001984126984126984
ICBHI,131,0.27210945478275833,-1.2203982799892583,0.001984126984126984
ICBHI,132,-0.8793483900883416,-0.5743067252147378,0.001984126984126984
ICBHI,133,-1.1560755979800257,-0.4002423010804791,0.001984126984126984
ICBHI,134,-0.5636190513597674,1.0308663582970476,0.001984126984126984
ICBHI,135,-0.7915202011276736,-0.1766431692962447,0.001984126984126984
ICBHI,136,-1.8797060885057801,-0.3581846466181185,0.001984126984126984
ICBHI,137,-1.58339582418642,-0.6147355068905714,0.001984126984126984
ICBHI,138,-1.696654827334008,-0.1867310334654653,0.001984126984126984
ICBHI,139,0.12737782985051788,1.0306411770606965,0.001984126984126984
ICBHI,140,-0.5937426163674532,-0.5610713176101123,0.001984126984126984
ICBHI,141,-1.489374892292862,0.1259356518134027,0.001984126984126984
ICBHI,142,-1.4911182871323978,-0.0693219020467915,0.001984126984126984
ICBHI,143,-0.7963301794819403,-0.7010995185009754,0.001984126984126984
ICBHI,144,0.8321340118243475,-1.4362565475142248,0.001984126984126984
ICBHI,145,-1.611792641704956,-0.37659605242469346,0.001984126984126984
ICBHI,146,-0.8242889032405212,-0.3854362467363976,0.001984126984126984
ICBHI,147,-1.0207656141056713,-0.5862468397317826,0.001984126984126984
ICBHI,148,1.9290314325030125,-1.7230508225277519,0.001984126984126984
ICBHI,149,-0.5708152626016926,1.3084927740032752,0.001984126984126984
ICBHI,150,-1.8891432827565047,-0.3862907691652081,0.001984126984126984
ICBHI,151,-1.510608552098068,-0.588461352876708,0.001984126984126984
ICBHI,152,-1.3816067534072136,-0.5763751498023146,0.001984126984126984
ICBHI,153,-0.6807241816234,-0.7197505867866771,0.001984126984126984
ICBHI,154,-0.9789352404781191,-0.5121543016305107,0.001984126984126984
ICBHI,155,-1.687147740013335,-0.4246848231973303,0.001984126984126984
ICBHI,156,-0.7495441486881049,-0.4253701793593874,0.001984126984126984
ICBHI,157,-0.34414558752678964,-0.44799883637132265,0.001984126984126984
ICBHI,158,-1.6740347298707097,-0.3249062051424201,0.001984126984126984
ICBHI,159,-1.230222734051462,-0.5806366891085643,0.001984126984126984
ICBHI,160,-1.7274340137502684,-0.2935253929819358,0.001984126984126984
ICBHI,161,-0.48220726222292754,-0.821031987535362,0.001984126984126984
ICBHI,162,-0.773426628586235,-0.7059077058845531,0.001984126984126984
ICBHI,163,-0.8209199289943998,-0.09736385948049617,0.001984126984126984
ICBHI,164,-1.2592603177260682,1.0869809860291142,0.001984126984126984
ICBHI,165,-1.0070190387784124,-0.6859712146389909,0.001984126984126984
ICBHI,166,-1.2834594083143098,-0.7874476794459192,0.001984126984126984
ICBHI,167,-0.9058097257747165,-0.38812086596367584,0.001984126984126984
ICBHI,168,-2.5707358719858693,0.06331910823282899,0.001984126984126984
ICBHI,169,-0.06542820693996997,-0.9710180494766683,0.001984126984126984
ICBHI,170,-0.7872969151446131,-0.6931687699222416,0.001984126984126984
ICBHI,171,-1.7153796118315316,-0.5731559385700413,0.001984126984126984
ICBHI,172,-0.8995944934946974,-0.5251090992926596,0.001984126984126984
ICBHI,173,-1.6836055215975076,-0.5853558475796927,0.001984126984126984
ICBHI,174,-0.740747371257065,-0.5546174914073874,0.001984126984126984
ICBHI,175,-1.2503369668223143,-0.08803262915043022,0.001984126984126984
ICBHI,176,-1.0236277147213244,-0.37558580084407583,0.001984126984126984
ICBHI,177,-1.815309314120184,-0.03716539361862099,0.001984126984126984
ICBHI,178,0.03515365332981698,-0.901209236065294,0.001984126984126984
ICBHI,179,0.7553681594314107,-1.3101703159947542,0.001984126984126984
ICBHI,180,-1.4306152686935072,0.30316539693726874,0.001984126984126984
ICBHI,181,0.5646043781115547,-0.986435190085445,0.001984126984126984
ICBHI,182,-0.6407513432140691,-1.1209342719913646,0.001984126984126984
ICBHI,183,0.9078265028846676,-1.4283614626942684,0.001984126984126984
ICBHI,184,-1.2471128500578608,-0.8277177333275955,0.001984126984126984
ICBHI,185,-1.446958898782338,0.5953661658041631,0.001984126984126984
ICBHI,186,-1.1188222592429142,-0.5025926624397499,0.001984126984126984
ICBHI,187,0.5999818024980087,-1.3668230182575882,0.001984126984126984
ICBHI,188,-0.784216498280117,-0.48064912883657157,0.001984126984126984
ICBHI,189,-1.4128981991864138,-0.7048929804643338,0.001984126984126984
ICBHI,190,-0.5438932782340244,-1.1615008320254643,0.001984126984126984
ICBHI,191,-1.1440227292848844,-0.42750534807022217,0.001984126984126984
ICBHI,192,-1.8987725500055335,0.33540952714333944,0.001984126984126984
ICBHI,193,-0.6090212086460045,0.6411781304435611,0.001984126984126984
ICBHI,194,-0.8156356972590526,-0.9950415471458898,0.001984126984126984
ICBHI,195,0.4490370492357823,1.4359915578546705,0.001984126984126984
ICBHI,196,-2.25405816172322,-0.1458972303811244,0.001984126984126984
ICBHI,197,-1.10196888570768,-0.6946896407874479,0.001984126984126984
ICBHI,198,-1.8466771941002054,-0.0910775359643162,0.001984126984126984
ICBHI,199,-2.348462313329829,-0.4151159676795517,0.001984126984126984
ICBHI,200,-0.7614676247160983,-0.8882850041271122,0.001984126984126984
ICBHI,201,-0.9389771212366718,-0.6551096359930565,0.001984126984126984
ICBHI,202,-1.1652644436201198,-0.5710446000676748,0.001984126984126984
ICBHI,203,-0.7794334949156324,-0.4773372955543136,0.001984126984126984
ICBHI,204,2.1208337990870847,-0.23315602567919186,0.001984126984126984
ICBHI,205,-2.2068819514395672,0.057757848669142325,0.001984126984126984
ICBHI,206,-2.5414518547925726,1.3080474362818628,0.001984126984126984
ICBHI,207,-0.7403474445127018,-0.401947406065451,0.001984126984126984
ICBHI,208,0.1072773152125885,-1.135587221823118,0.001984126984126984
ICBHI,209,2.946110662080266,-2.1450408957440095,0.001984126984126984
ICBHI,210,-0.16459400637725635,-1.0100745197585428,0.001984126984126984
ICBHI,211,-0.6644562806579983,-0.6246746012722136,0.001984126984126984
ICBHI,212,-0.944428203562694,-0.024587655498595606,0.001984126984126984
ICBHI,213,-1.5956803210309696,-0.45812137465028213,0.001984126984126984
ICBHI,214,-1.301464331218698,-0.6417697955260365,0.001984126984126984
ICBHI,215,2.4399721753461336,2.728077682239467,0.001984126984126984
ICBHI,216,-1.5806463636354982,-0.20051979600452596,0.001984126984126984
ICBHI,217,0.8799553129705194,-1.4965199120438966,0.001984126984126984
ICBHI,218,-0.6124344553334157,-0.9224460771376427,0.001984126984126984
ICBHI,219,-1.8947436077621658,-0.04271655505313905,0.001984126984126984
ICBHI,220,-0.4303974816199024,-0.7254633682486755,0.001984126984126984
ICBHI,221,-1.44189977897822,0.43104299758635584,0.001984126984126984
ICBHI,222,-0.12609298743900366,-0.540569928135108,0.001984126984126984
ICBHI,223,-0.5360435820106976,-1.0124334265268602,0.001984126984126984
ICBHI,224,-1.7981732934408179,-0.5994934024689511,0.001984126984126984
ICBHI,225,-0.7530351605735147,-0.9846704478542688,0.001984126984126984
ICBHI,226,-0.20907540647492973,-0.4041608729571553,0.001984126984126984
KAUH,P1,-0.9259171381337492,-0.5033035685389727,0.002232142857142857
KAUH,P10,-0.22725931136207023,-0.8775676636353831,0.002232142857142857
KAUH,P100,-0.6865952881132997,-0.33012905614263544,0.002232142857142857
KAUH,P101,-1.4704343289229005,-0.32815532935558855,0.002232142857142857
KAUH,P102,-1.651405413462275,-0.7046010425046945,0.002232142857142857
KAUH,P103,-0.5375670351598721,-1.1649326903915578,0.002232142857142857
KAUH,P104,-2.1729845431051933,-0.36992925895460094,0.002232142857142857
KAUH,P105,-0.8667149694654267,-0.5965199766575634,0.002232142857142857
KAUH,P106,0.044064140451851266,0.7990697284691063,0.002232142857142857
KAUH,P107,-1.8402340152993824,-0.3681101506734746,0.002232142857142857
KAUH,P108,-0.06724634540944656,-1.1624236366413332,0.002232142857142857
KAUH,P109,-1.66007424365784,-0.49730365789784053,0.002232142857142857
KAUH,P11,-0.13038627025748895,-0.7207204170535632,0.002232142857142857
KAUH,P110,-1.1812667404806396,-0.21577488583939486,0.002232142857142857
KAUH,P111,0.2635331195659762,-0.8639530581314545,0.002232142857142857
KAUH,P112,-1.9987737250685322,-0.5165878135121098,0.002232142857142857
KAUH,P12,-0.2128533743746413,-0.89214831234245,0.002232142857142857
KAUH,P13,-2.0554319228203313,-0.38104005676285335,0.002232142857142857
KAUH,P14,-0.3345171161915147,-1.1068092416593966,0.002232142857142857
KAUH,P15,1.0899832818599304,-0.8527527292825006,0.002232142857142857
KAUH,P16,-1.5281344297947725,-0.515814535895316,0.002232142857142857
KAUH,P17,-0.9937455956922933,-0.7953249476671644,0.002232142857142857
KAUH,P18,-1.1598410680747502,-0.5517183278960442,0.002232142857142857
KAUH,P19,-0.8139806455342198,-0.9084609447038409,0.002232142857142857
KAUH,P2,1.3378708194547304,-1.3131886079368766,0.002232142857142857
KAUH,P20,-1.2742254929126933,-0.5059293959397658,0.002232142857142857
KAUH,P21,-1.2577575010252244,-0.40936165155003773,0.002232142857142857
KAUH,P22,0.7211243456956585,-1.0795178511932415,0.002232142857142857
KAUH,P23,0.6593388301648831,-1.1858574706422864,0.002232142857142857
KAUH,P24,0.49459429905621516,-0.6544595057779455,0.002232142857142857
KAUH,P25,-0.6154047600785477,-0.741176872936855,0.002232142857142857
KAUH,P26,0.5729141140761519,-1.0226239131050014,0.002232142857142857
KAUH,P27,-0.9578033277122998,-0.6696330190551181,0.002232142857142857
KAUH,P28,-0.8705001226419671,-0.6516943913428611,0.002232142857142857
KAUH,P29,-1.8030947538408963,-0.42210200455468644,0.002232142857142857
KAUH,P3,-1.9053102347558715,1.7511007711878974,0.002232142857142857
KAUH,P30,-2.173223388194526,-0.3466863979050778,0.002232142857142857
KAUH,P31,-0.37393185292054587,-0.8862887177366705,0.002232142857142857
KAUH,P32,-0.06622954981224564,-1.1515909816392074,0.002232142857142857
KAUH,P33,-0.17978317784826728,2.8071692876234478,0.002232142857142857
KAUH,P34,1.6244426320366752,-1.230862969874648,0.002232142857142857
KAUH,P35,-0.19674376549794517,-1.122882303226689,0.002232142857142857
KAUH,P36,-1.6070710919125497,-0.5601694371957927,0.002232142857142857
KAUH,P37,-1.2707180643288998,0.30838449924263966,0.002232142857142857
KAUH,P38,-0.642687053998253,-0.5798956567716309,0.002232142857142857
KAUH,P39,-0.7658123570085983,-1.0675536467006899,0.002232142857142857
KAUH,P4,0.28341226211792014,-1.0604656086453563,0.002232142857142857
KAUH,P40,-1.342195942971062,-0.704630338282573,0.002232142857142857
KAUH,P41,-2.92854098156665,0.28125281843945427,0.002232142857142857
KAUH,P42,1.1023489374207827,0.1045358239783634,0.002232142857142857
KAUH,P43,-1.2057476685782857,-0.34764914214197706,0.002232142857142857
KAUH,P44,-0.979301080400086,-0.5821454610841824,0.002232142857142857
KAUH,P45,0.4683467182856473,-0.5529465503583691,0.002232142857142857
KAUH,P46,-0.8509912961763978,-0.6927721537237767,0.002232142857142857
KAUH,P47,-1.32317605327463,-0.8125975420389117,0.002232142857142857
KAUH,P48,-0.4281533653671907,-0.8616010327166864,0.002232142857142857
KAUH,P49,0.6597629394801933,-1.3705500467232983,0.002232142857142857
KAUH,P5,-0.47314918401963146,-0.7986715871261478,0.002232142857142857
KAUH,P50,0.3425852011900902,-0.8979174265554968,0.002232142857142857
KAUH,P51,-1.6351399718163866,-0.35630633099014,0.002232142857142857
KAUH,P52,-1.06351291024798,-0.811793131575053,0.002232142857142857
KAUH,P53,-0.5973895307427145,-1.0242119773428329,0.002232142857142857
KAUH,P54,-0.6003117251096987,-0.895409537799513,0.002232142857142857
KAUH,P55,-1.5111111169571279,-0.5550893207912682,0.002232142857142857
KAUH,P56,-1.8705615946802208,-0.4678948645607838,0.002232142857142857
KAUH,P57,-2.055239631754002,-0.41251940210415466,0.002232142857142857
KAUH,P58,0.6786244521489566,-0.6396774097808892,0.002232142857142857
KAUH,P59,-0.536555853044397,-1.0301149907933316,0.002232142857142857
KAUH,P6,-1.9932141616300303,-0.5718805755493239,0.002232142857142857
KAUH,P60,1.6185173061900866,-1.3084552866813672,0.002232142857142857
KAUH,P61,-0.19898055916329085,-1.0001856769516195,0.002232142857142857
KAUH,P62,-1.536285714625969,-0.38737373041804396,0.002232142857142857
KAUH,P63,-1.7714638700619454,-0.5968623248103266,0.002232142857142857
KAUH,P64,-1.9480571871683456,0.4586966357786446,0.002232142857142857
KAUH,P65,0.21609015995219616,-1.129767260400161,0.002232142857142857
KAUH,P66,-0.1951874455161712,-1.1012360291973766,0.002232142857142857
KAUH,P67,-2.758222903191888,-0.02208360879026271,0.002232142857142857
KAUH,P68,-0.32468694240598894,-0.9613142891806316,0.002232142857142857
KAUH,P69,0.6773320261917116,-1.0687555582434676,0.002232142857142857
KAUH,P7,-1.9871262316588476,0.30396040101151434,0.002232142857142857
KAUH,P70,-0.8417354515237956,-1.0400528624529162,0.002232142857142857
KAUH,P71,-1.4544658874192702,-0.78463451823286,0.002232142857142857
KAUH,P72,0.22859720733734568,-1.0421828187901323,0.002232142857142857
KAUH,P73,0.2014654388766495,-1.2322994133207088,0.002232142857142857
KAUH,P74,-2.689007708245781,0.10904603894742368,0.002232142857142857
KAUH,P75,-1.9044239387701065,-0.4822112701428888,0.002232142857142857
KAUH,P76,0.06744453027527299,-0.9526653733164163,0.002232142857142857
KAUH,P77,0.20968264406705436,0.19193225513419698,0.002232142857142857
KAUH,P78,-1.2163619564882768,-0.5660020076589898,0.002232142857142857
KAUH,P79,-0.4246803603495618,-0.5517325154766197,0.002232142857142857
KAUH,P8,-0.8032652516986409,-0.707512103515424,0.002232142857142857
KAUH,P80,0.27825515826710673,-0.8213123111214351,0.002232142857142857
KAUH,P81,-1.1617925453649656,-0.40262176517632653,0.002232142857142857
KAUH,P82,0.9844941271112012,-1.3096233740854093,0.002232142857142857
KAUH,P83,-0.5932508148330273,-0.7045126101156942,0.002232142857142857
KAUH,P84,-0.22035351506868323,-0.7039861087077334,0.002232142857142857
KAUH,P85,1.2562220392558827,-1.2355087637050288,0.002232142857142857
KAUH,P86,-1.6248974528478146,-0.27175241125690835,0.002232142857142857
KAUH,P87,0.7833415638898392,-0.1346072137407918,0.002232142857142857
KAUH,P88,0.5501646778135308,-1.3617946702320258,0.002232142857142857
KAUH,P89,-0.0972651117112986,-1.270611537107654,0.002232142857142857
KAUH,P9,-3.7715046727359085,0.6045187991649555,0.002232142857142857
KAUH,P90,-0.0862097714241452,-0.7388381782814588,0.002232142857142857
KAUH,P91,-0.02214570008092788,-0.8413820718439697,0.002232142857142857
KAUH,P92,-1.7988693356954832,-0.357402227508426,0.002232142857142857
KAUH,P93,0.3583453439243593,-1.1378153905240866,0.002232142857142857
KAUH,P94,-2.2732233772688857,-0.06256072632334173,0.002232142857142857
KAUH,P95,-1.3740823147636327,-0.6987510887982923,0.002232142857142857
KAUH,P96,-0.9008336383083206,-0.8446559434197164,0.002232142857142857
KAUH,P97,-0.5047921219270589,-0.9687078538260653,0.002232142857142857
KAUH,P98,-2.355888317616116,-0.2989981255679921,0.002232142857142857
KAUH,P99,1.0069974547972265,-1.1919728334250996,0.002232142857142857
SPRSound,40138127,0.8385244666096348,2.6770719802025646,0.0008802816901408451
SPRSound,40490865,-0.4968309103883858,1.2069085795571541,0.0008802816901408451
SPRSound,40512331,-1.0326565612760705,0.8250828796559961,0.0008802816901408451
SPRSound,40638274,-0.8831555781672661,0.7826430924528351,0.0008802816901408451
SPRSound,40672181,-1.2166200543012509,0.9708110896107134,0.0008802816901408451
SPRSound,40686765,-0.5676204785970381,1.4011919947824125,0.0008802816901408451
SPRSound,40728258,-0.8508032360280948,1.322225071088128,0.0008802816901408451
SPRSound,40794666,-0.8255078926258682,1.0902539517989605,0.0008802816901408451
SPRSound,40794825,-0.2510468779343267,1.0361461214431322,0.0008802816901408451
SPRSound,40794852,-0.5628384498279516,0.8298105300602869,0.0008802816901408451
SPRSound,40797293,0.4408455739680127,2.328694846339931,0.0008802816901408451
SPRSound,40797382,-0.462339888402047,1.1087043179736864,0.0008802816901408451
SPRSound,40801342,0.44106362064649296,1.9049541034136512,0.0008802816901408451
SPRSound,40813160,0.07347037456602887,1.6832204375021265,0.0008802816901408451
SPRSound,40841531,-0.445392785016212,0.14043160593840884,0.0008802816901408451
SPRSound,40845795,-0.39891497207866566,1.167103676911164,0.0008802816901408451
SPRSound,40877908,-0.25142076449382167,0.8311173629408241,0.0008802816901408451
SPRSound,40888395,-0.22150756974497673,0.4978448435787806,0.0008802816901408451
SPRSound,40890405,-0.9463322519270778,1.21150767651945,0.0008802816901408451
SPRSound,40908606,-0.36172059430864933,0.8040814143276066,0.0008802816901408451
SPRSound,40919639,-0.34713656550851235,1.1105932235431595,0.0008802816901408451
SPRSound,40921345,-0.6016406498168196,0.7919460063711072,0.0008802816901408451
SPRSound,40933046,-0.6184103283194671,1.0750121573407967,0.0008802816901408451
SPRSound,40938576,-0.25482550815736915,0.7682889608668353,0.0008802816901408451
SPRSound,40939271,-0.4208579301361194,0.8889879774325528,0.0008802816901408451
SPRSound,40943224,-0.4158622126209276,0.9180364774155558,0.0008802816901408451
SPRSound,40965308,-1.0985677245705745,0.6366480831429588,0.0008802816901408451
SPRSound,40968057,0.47521755209916683,2.1941251009509735,0.0008802816901408451
SPRSound,40969263,-0.7214006877865967,1.0701868855538306,0.0008802816901408451
SPRSound,40970076,-1.1671195277500286,0.051098598510971205,0.0008802816901408451
SPRSound,40974013,-0.6221113501224844,1.2277404463136452,0.0008802816901408451
SPRSound,40976541,-0.0697083541726582,0.495087340052283,0.0008802816901408451
SPRSound,40978034,-1.3090866304166873,0.5829004090318349,0.0008802816901408451
SPRSound,40993807,-0.30998737833066586,0.8202791426938453,0.0008802816901408451
SPRSound,40995749,-0.39685641780344727,1.2754953322983882,0.0008802816901408451
SPRSound,41004529,0.33957944778990246,1.8773598671753098,0.0008802816901408451
SPRSound,41006394,-0.8937504239478374,1.0635780158439823,0.0008802816901408451
SPRSound,41012107,-0.459533979604006,1.1893997612496061,0.0008802816901408451
SPRSound,41017156,-0.8720217950045842,0.8662127587268413,0.0008802816901408451
SPRSound,41020298,-0.6525644663684141,0.9298075224886782,0.0008802816901408451
SPRSound,41026101,0.36570556724001196,1.0219038808807437,0.0008802816901408451
SPRSound,41031554,-0.7087501748170861,1.0139187628072464,0.0008802816901408451
SPRSound,41031836,0.2364557740561179,1.3967227896694103,0.0008802816901408451
SPRSound,41038697,-0.07291715972335881,1.0476045783180028,0.0008802816901408451
SPRSound,41050041,-0.44388840281473396,1.1633193760362772,0.0008802816901408451
SPRSound,41052158,-0.31072131406345677,0.9801553544242002,0.0008802816901408451
SPRSound,41056352,0.10740648793573782,1.5327051662981335,0.0008802816901408451
SPRSound,41056868,-0.3101645438027724,0.7221340172144172,0.0008802816901408451
SPRSound,41063116,0.5633595255504267,1.6505873784806864,0.0008802816901408451
SPRSound,41064910,0.12167173027480038,0.7932118219883563,0.0008802816901408451
SPRSound,41064945,-0.8171713106145148,0.825139228560386,0.0008802816901408451
SPRSound,41065704,0.1892660131421291,1.2682827345309926,0.0008802816901408451
SPRSound,41066730,-0.1048876760222686,1.4525794656783912,0.0008802816901408451
SPRSound,41067823,-0.3879509958704746,1.2828814400320916,0.0008802816901408451
SPRSound,41067862,-0.18410057499749738,1.2402098098133187,0.0008802816901408451
SPRSound,41068313,-0.9749862175605507,0.733789484979329,0.0008802816901408451
SPRSound,41069224,-0.42795428686069104,0.7683063964316637,0.0008802816901408451
SPRSound,41069986,-0.5444790569130631,1.1211421774867292,0.0008802816901408451
SPRSound,41073762,-0.4022403830048756,1.590476335308305,0.0008802816901408451
SPRSound,41073831,-0.38088385669745217,1.302633509599048,0.0008802816901408451
SPRSound,41074281,-1.0048930514549028,1.069090287679475,0.0008802816901408451
SPRSound,41074892,-1.1429705427680592,1.0916556644812598,0.0008802816901408451
SPRSound,41080062,-0.012383960966264138,0.9826056140088164,0.0008802816901408451
SPRSound,41082553,-0.3927069948113794,1.2628560112687426,0.0008802816901408451
SPRSound,41085148,-1.2869994652352312,0.930004587666726,0.0008802816901408451
SPRSound,41087486,-0.7565935508181462,0.8391414421338835,0.0008802816901408451
SPRSound,41090326,-0.941399938407728,1.4727436096161226,0.0008802816901408451
SPRSound,41091768,-0.16398121045818187,0.6685174194591768,0.0008802816901408451
SPRSound,41091988,0.3509933968145902,1.6709032824295422,0.0008802816901408451
SPRSound,41092434,-0.14003293108156423,0.9476180284299444,0.0008802816901408451
SPRSound,41096663,-0.8702960420153848,1.1507470291259847,0.0008802816901408451
SPRSound,41097602,0.057253158124759965,1.5251398329927917,0.0008802816901408451
SPRSound,41097985,-0.07608879214980199,1.285054726144203,0.0008802816901408451
SPRSound,41097986,-0.36649687173165946,0.787627172301202,0.0008802816901408451
SPRSound,41099241,-0.818952701910366,1.2740553691189727,0.0008802816901408451
SPRSound,41100415,-1.106805773670756,1.3412901192911517,0.0008802816901408451
SPRSound,41101309,1.268289017513078,2.1336649807335766,0.0008802816901408451
SPRSound,41102359,-0.25993219003970697,0.9890492911490392,0.0008802816901408451
SPRSound,41102944,1.2539612742203705,3.080046472709387,0.0008802816901408451
SPRSound,41103864,-0.05408805496557141,1.2079438855944074,0.0008802816901408451
SPRSound,41104324,-0.2810877920556522,0.8946713587324104,0.0008802816901408451
SPRSound,41106111,-0.5370088403053811,1.240723638915214,0.0008802816901408451
SPRSound,41106116,-0.8329589064730477,1.3451708291909308,0.0008802816901408451
SPRSound,41108858,-0.5624321956369732,1.0503333725667288,0.0008802816901408451
SPRSound,41112159,-0.8869140796877695,1.3184854953730145,0.0008802816901408451
SPRSound,41112999,-1.0600317552290397,0.97563953660012,0.0008802816901408451
SPRSound,41114600,0.17355756185994606,1.4123604511311156,0.0008802816901408451
SPRSound,41115183,-1.0276896236282793,0.6095208547822492,0.0008802816901408451
SPRSound,41118244,-0.5978034390999889,0.9578957561135889,0.0008802816901408451
SPRSound,41122685,-1.056011450001998,1.3181094473605444,0.0008802816901408451
SPRSound,41125983,-1.1236998788991943,0.8406953348997477,0.0008802816901408451
SPRSound,41126500,-0.9235148522123899,1.151120170957646,0.0008802816901408451
SPRSound,41126642,-0.8208149560083892,0.5823112377072254,0.0008802816901408451
SPRSound,41129868,-0.7425782340561791,1.375454381974813,0.0008802816901408451
SPRSound,41134874,-0.5262731328579844,1.4836059937260948,0.0008802816901408451
SPRSound,41152442,-0.9119070884940085,0.7475072885401113,0.0008802816901408451
SPRSound,41156815,-0.32483517204153833,0.8327767474649496,0.0008802816901408451
SPRSound,41159145,-0.5250900178653205,0.9434728902090204,0.0008802816901408451
SPRSound,41161556,-0.022362582899249417,0.9344600086305556,0.0008802816901408451
SPRSound,41163586,0.2067640081478941,1.3095820747031528,0.0008802816901408451
SPRSound,41166273,-0.355413861835495,0.46092280832960025,0.0008802816901408451
SPRSound,41167576,-0.1605892541280584,1.5864438163018293,0.0008802816901408451
SPRSound,41171600,-0.5047697106487161,1.1718054241734384,0.0008802816901408451
SPRSound,41173389,-0.522791914177798,0.9423540129611864,0.0008802816901408451
SPRSound,41186340,-0.6474950299168779,0.8424134212686284,0.0008802816901408451
SPRSound,41187871,-0.35692500219037476,0.951103527136291,0.0008802816901408451
SPRSound,41187982,-0.3620323556252952,1.4370958949904473,0.0008802816901408451
SPRSound,41190734,-0.2691276206930281,1.8706409067284466,0.0008802816901408451
SPRSound,41191269,-0.5598097575924814,0.9179359954028041,0.0008802816901408451
SPRSound,41202647,-0.39077470487717064,1.653656700065813,0.0008802816901408451
SPRSound,41203687,-0.7362421514753801,0.9472431343189712,0.0008802816901408451
SPRSound,41205122,-0.05156000697395065,1.552495082661728,0.0008802816901408451
SPRSound,41205994,-0.4560743927203256,1.244221090581025,0.0008802816901408451
SPRSound,41209060,-0.597926215107087,1.1181463404874652,0.0008802816901408451
SPRSound,41214272,-0.664618421798536,1.4990127084839586,0.0008802816901408451
SPRSound,41222985,-0.04840817221087341,1.0606558079761867,0.0008802816901408451
SPRSound,41223618,0.24719479080674778,0.9398864211133044,0.0008802816901408451
SPRSound,41225759,-0.07720661256191569,1.480098834114231,0.0008802816901408451
SPRSound,41226005,-1.870761694561157,1.0392298554453645,0.0008802816901408451
SPRSound,41227367,-0.5063332342685908,0.9908483587298229,0.0008802816901408451
SPRSound,41233462,-0.00908884936870876,1.3291738626038083,0.0008802816901408451
SPRSound,41243139,-0.9223946040324543,0.9903201805258,0.0008802816901408451
SPRSound,41244654,0.21849805956491766,0.719676812537007,0.0008802816901408451
SPRSound,41246413,-1.3274943541760515,0.6787242776156037,0.0008802816901408451
SPRSound,41246720,-0.5021448880967807,0.8331229530731541,0.0008802816901408451
SPRSound,41247791,-0.1669925880071538,1.244353676865841,0.0008802816901408451
SPRSound,41249093,-1.0647728831629188,1.1090788235922826,0.0008802816901408451
SPRSound,41251473,-0.4915408074859662,0.920956542155231,0.0008802816901408451
SPRSound,41259325,-0.6432164242462304,1.0068497258754918,0.0008802816901408451
SPRSound,41260242,0.2284368996277502,1.0354577731560028,0.0008802816901408451
SPRSound,41260370,-0.6289455483000493,0.7397515400547275,0.0008802816901408451
SPRSound,41260684,-0.4597640622513116,0.9725303352471463,0.0008802816901408451
SPRSound,41260844,-1.135896374117569,0.8819662322637211,0.0008802816901408451
SPRSound,41260853,-0.18406971113889364,1.6749652617490842,0.0008802816901408451
SPRSound,41261485,-0.053239901736550535,1.5537347277142857,0.0008802816901408451
SPRSound,41261802,-0.3040351607808284,2.042326252000495,0.0008802816901408451
SPRSound,41262295,-0.31267045735424753,1.4290266750390836,0.0008802816901408451
SPRSound,41262399,0.5845706955028429,1.3557733623048225,0.0008802816901408451
SPRSound,41262439,-0.49020579277923465,1.5273751699946785,0.0008802816901408451
SPRSound,41262442,-0.41876502126607473,0.8070901048348745,0.0008802816901408451
SPRSound,41263355,-0.39584779752600674,0.693594008440237,0.0008802816901408451
SPRSound,41263406,-0.6077518646586532,1.70803729217994,0.0008802816901408451
SPRSound,41263490,-0.23822184519090628,0.605668070369595,0.0008802816901408451
SPRSound,41263533,0.8159363180219608,2.43927387652976,0.0008802816901408451
SPRSound,41264697,-0.42505326306105284,1.08597251434725,0.0008802816901408451
SPRSound,41266405,-0.7835607634931252,1.4058790278440876,0.0008802816901408451
SPRSound,41267024,0.09649416288769623,1.3226952124358344,0.0008802816901408451
SPRSound,41267028,0.8915875061977816,1.7550173046947368,0.0008802816901408451
SPRSound,41269095,-0.07939131826694949,1.0607239819203054,0.0008802816901408451
SPRSound,41271028,-0.05526060051978238,1.2101396054889713,0.0008802816901408451
SPRSound,41273341,-0.6148704960018185,0.9282683017042465,0.0008802816901408451
SPRSound,41274453,-0.30071170490250043,1.0706082068596376,0.0008802816901408451
SPRSound,41275173,-0.8678591369984725,0.5235096584384927,0.0008802816901408451
SPRSound,41275242,-0.15840087297130656,1.1189166681207874,0.0008802816901408451
SPRSound,41275381,-1.3776181185854548,1.13614963895313,0.0008802816901408451
SPRSound,41275680,-0.23194967279519085,1.1102357460873058,0.0008802816901408451
SPRSound,41276107,0.023892963403480034,1.5655484422341437,0.0008802816901408451
SPRSound,41277654,-0.45721767952862874,0.8394153930246318,0.0008802816901408451
SPRSound,41277716,1.3385549379550146,2.5826831342094168,0.0008802816901408451
SPRSound,41277943,-1.0502027400146723,0.6562726746767239,0.0008802816901408451
SPRSound,41279299,-0.5118753394050645,0.7651284262330448,0.0008802816901408451
SPRSound,41279835,-0.4408970581845808,1.6162336258065044,0.0008802816901408451
SPRSound,41280784,-0.7046155676820932,1.1599019487016324,0.0008802816901408451
SPRSound,41281088,-0.647848469228811,0.5636803269394686,0.0008802816901408451
SPRSound,41281333,0.20113659895870356,1.2769359024402815,0.0008802816901408451
SPRSound,41281695,-0.2586168284654775,0.7723346945521222,0.0008802816901408451
SPRSound,41283394,-0.0566146856419222,1.0432087797234553,0.0008802816901408451
SPRSound,41283612,0.6709817945380459,1.2015511076793661,0.0008802816901408451
SPRSound,41283662,-0.6750409926433791,1.0042206460620902,0.0008802816901408451
SPRSound,41283664,-0.32415539816891137,1.0590954132732793,0.0008802816901408451
SPRSound,41283744,-1.0882682463579603,0.9177759072765068,0.0008802816901408451
SPRSound,41284716,-0.4874995813605206,0.9945058228833416,0.0008802816901408451
SPRSound,41285705,0.09534800561918129,1.021972383980703,0.0008802816901408451
SPRSound,42272778,-0.9427835907784656,0.9169491534129766,0.0008802816901408451
SPRSound,63211196,-0.5639026005706888,1.537430985491915,0.0008802816901408451
SPRSound,63524070,-1.8652652015874038,1.309929783737912,0.0008802816901408451
SPRSound,63573658,-0.2142696091084299,1.0118987081124027,0.0008802816901408451
SPRSound,63613821,0.002940731282150422,1.5714922702797967,0.0008802816901408451
SPRSound,63658468,-0.1918737205588516,1.0412042181798802,0.0008802816901408451
SPRSound,63723123,-1.5474701623040523,0.9122188711345627,0.0008802816901408451
SPRSound,63902360,-1.4085097273853993,1.2754483002831543,0.0008802816901408451
SPRSound,63906783,-0.47307768690832974,0.9676776861531519,0.0008802816901408451
SPRSound,64007452,-0.4510512425659532,0.9212563389552414,0.0008802816901408451
SPRSound,64076634,-0.3592910286240962,1.1800321532461349,0.0008802816901408451
SPRSound,64369787,-0.9320243205980825,1.285283666542775,0.0008802816901408451
SPRSound,64540514,-0.629878530485448,0.6921322128248367,0.0008802816901408451
SPRSound,64552260,-0.6194237806166324,1.033811318752665,0.0008802816901408451
SPRSound,64561565,0.5707775503442652,1.3456554652368433,0.0008802816901408451
SPRSound,64585803,-0.4469502006629045,1.0556222005553124,0.0008802816901408451
SPRSound,64601539,-1.0058077758544155,0.983942496542331,0.0008802816901408451
SPRSound,64618861,-0.5986970007238412,0.8600097958987781,0.0008802816901408451
SPRSound,64634665,0.5568592343995595,1.3931602478133738,0.0008802816901408451
SPRSound,64678063,-0.713780013705656,1.1529928617877363,0.0008802816901408451
SPRSound,64714172,-0.44276735119720173,0.8973245350134423,0.0008802816901408451
SPRSound,64719544,0.09215329008062251,1.639637606089588,0.0008802816901408451
SPRSound,64726697,-1.5952113011318398,0.8212774580504626,0.0008802816901408451
SPRSound,64726870,-0.4965244564001191,1.2052834178931684,0.0008802816901408451
SPRSound,64727249,-0.7301485640036324,1.2436405833693713,0.0008802816901408451
SPRSound,64727486,0.21039052943392927,1.8541569474192574,0.0008802816901408451
SPRSound,64743918,-0.8276723793488486,0.7970922073029046,0.0008802816901408451
SPRSound,64779933,0.1288657440702087,0.9779288529928933,0.0008802816901408451
SPRSound,64783073,-0.1744636760916426,0.9360771121948508,0.0008802816901408451
SPRSound,64827886,-0.619694330808225,1.5667467524970322,0.0008802816901408451
SPRSound,64835860,-0.14618114701229168,1.1166894671617922,0.0008802816901408451
SPRSound,64837947,-0.5764240758087005,1.0706363853049023,0.0008802816901408451
SPRSound,64840083,0.2886171748624064,1.1762730087988755,0.0008802816901408451
SPRSound,64875857,-0.1920417584993375,1.5603294826160183,0.0008802816901408451
SPRSound,64876470,-0.6173396789397116,0.8251227744445794,0.0008802816901408451
SPRSound,64878787,-0.5592117802183089,0.8865293612096706,0.0008802816901408451
SPRSound,64913238,0.15387856459475288,0.9712412786135836,0.0008802816901408451
SPRSound,64914400,-0.5534909425789023,1.5685552520536987,0.0008802816901408451
SPRSound,64940479,-0.38948979724668786,1.5168732899098123,0.0008802816901408451
SPRSound,64951742,-0.5254812551419162,1.5059603670858188,0.0008802816901408451
SPRSound,64960343,0.3333190322107757,1.385095430786367,0.0008802816901408451
SPRSound,64969358,-0.8531922358542854,0.9547057148916425,0.0008802816901408451
SPRSound,64974732,0.00885770766122131,1.2909172707360368,0.0008802816901408451
SPRSound,65005529,-0.7847664966171488,0.9218270743854469,0.0008802816901408451
SPRSound,65019620,-0.41687544642786134,1.1054337137078687,0.0008802816901408451
SPRSound,65027819,0.5558893864944568,2.094588368063044,0.0008802816901408451
SPRSound,65028783,-0.061245775726504366,0.6872391331563238,0.0008802816901408451
SPRSound,65031500,-0.6414379759534025,0.6582394874320574,0.0008802816901408451
SPRSound,65032402,0.10635939637011686,1.516771561751251,0.0008802816901408451
SPRSound,65034376,-0.12404441550303753,1.8853518246822307,0.0008802816901408451
SPRSound,65036167,-0.6864550680286956,0.7226069128111999,0.0008802816901408451
SPRSound,65037547,-0.7024189514614407,0.26203621944303734,0.0008802816901408451
SPRSound,65038439,-0.39484176048733166,1.050068192757286,0.0008802816901408451
SPRSound,65039232,-0.6216536357012994,0.28131568881627916,0.0008802816901408451
SPRSound,65042563,0.4920413332814903,0.4322419753375134,0.0008802816901408451
SPRSound,65043263,-0.4299464825229517,1.05846544298428,0.0008802816901408451
SPRSound,65044049,-0.2173250840216427,0.5533789421413201,0.0008802816901408451
SPRSound,65044157,0.1572709077932354,1.9922704993667721,0.0008802816901408451
SPRSound,65044484,-0.15090043504959524,1.489261720456756,0.0008802816901408451
SPRSound,65044711,1.2325767189210275,2.3594267554208215,0.0008802816901408451
SPRSound,65045423,-0.8392651642689555,0.7733734828877671,0.0008802816901408451
SPRSound,65045840,-0.32746317677594694,1.1062756703762244,0.0008802816901408451
SPRSound,65048146,-0.3794622194497613,0.8813166433865022,0.0008802816901408451
SPRSound,65049153,0.29491292689181564,0.7029999584868317,0.0008802816901408451
SPRSound,65050748,0.717622291018728,1.9454214061806958,0.0008802816901408451
SPRSound,65051326,-0.1381584500847371,1.49584560666211,0.0008802816901408451
SPRSound,65052443,-1.6815917177911441,1.1117975822141375,0.0008802816901408451
SPRSound,65052739,-0.7551243073760208,0.7042610079045303,0.0008802816901408451
SPRSound,65052776,-1.5633401118266603,0.9809798112202298,0.0008802816901408451
SPRSound,65055195,-0.16517622593107614,0.8625358559487124,0.0008802816901408451
SPRSound,65056075,-0.5249066590182785,1.0668424462777677,0.0008802816901408451
SPRSound,65056986,-0.7009051740014164,1.192789062091849,0.0008802816901408451
SPRSound,65057715,-0.9085258653209256,1.1803236194909017,0.0008802816901408451
SPRSound,65058398,-1.2688351982048878,1.7480816941054889,0.0008802816901408451
SPRSound,65058931,-0.23654438529130917,1.140699134295577,0.0008802816901408451
SPRSound,65060531,0.4043164494711567,1.4912201623828996,0.0008802816901408451
SPRSound,65061246,-0.3225387430675554,1.664338109065313,0.0008802816901408451
SPRSound,65063170,0.4242275073299604,1.4081838132250508,0.0008802816901408451
SPRSound,65064302,0.918048638570409,2.3483457855609577,0.0008802816901408451
SPRSound,65066035,0.2228132740983102,1.3557072046015735,0.0008802816901408451
SPRSound,65066754,-0.37167759713616666,1.1771392818687403,0.0008802816901408451
SPRSound,65068248,-0.23214518062582712,0.7564394706049137,0.0008802816901408451
SPRSound,65070606,-0.4126164708849351,1.0268873440750164,0.0008802816901408451
SPRSound,65071184,-0.5951498418226582,0.8913662788061123,0.0008802816901408451
SPRSound,65074779,-0.30308983248449356,1.8006631854643167,0.0008802816901408451
SPRSound,65076987,-0.7811693415428315,0.6572388828047367,0.0008802816901408451
SPRSound,65077374,-0.4384573804953537,1.0784189085395808,0.0008802816901408451
SPRSound,65078476,-0.47715804028164766,0.8049803278865288,0.0008802816901408451
SPRSound,65079896,-0.6766430863216506,0.9357601634512093,0.0008802816901408451
SPRSound,65080696,-0.9437581184400317,1.0487147320353842,0.0008802816901408451
SPRSound,65090048,0.26972261597807995,1.3916247094715954,0.0008802816901408451
SPRSound,65090966,-1.1454814217213922,0.7396764754676505,0.0008802816901408451
SPRSound,65091224,-0.4792821848751265,0.9261352104461753,0.0008802816901408451
SPRSound,65091359,-0.43745895130012824,0.8575737000967154,0.0008802816901408451
SPRSound,65094564,0.22090279959731574,1.9054204272332846,0.0008802816901408451
SPRSound,65096140,-1.108297007969697,0.983225658083334,0.0008802816901408451
SPRSound,65097128,-0.7646290074552643,1.127026050682552,0.0008802816901408451
SPRSound,65099422,0.7195681262311855,1.1645992500355757,0.0008802816901408451
SPRSound,65100087,-0.9227709248255219,1.009534626785247,0.0008802816901408451
SPRSound,65101170,-0.4939252129952174,1.2627765284689085,0.0008802816901408451
SPRSound,65101997,-0.044433377926309574,0.8193654004798164,0.0008802816901408451
SPRSound,65106469,-0.004873261944071892,0.7606798673601205,0.0008802816901408451
SPRSound,65107404,-1.1155027125622803,0.9806669578022338,0.0008802816901408451
SPRSound,65107666,-0.7343938829444345,0.903905865439486,0.0008802816901408451
SPRSound,65109516,-0.17546325185501324,0.9369234514308359,0.0008802816901408451
SPRSound,65114385,-0.6938010258305463,0.9832055970901149,0.0008802816901408451
SPRSound,65114631,0.6207052129557804,1.6495431183895972,0.0008802816901408451
SPRSound,65114720,0.3944355538304204,0.983889567349695,0.0008802816901408451
SPRSound,65115243,-1.3293456700373112,0.9732688238846566,0.0008802816901408451
SPRSound,65118898,1.2364079931435277,2.963354788867609,0.0008802816901408451
SPRSound,65121853,0.6378457017094192,1.4776863673768093,0.0008802816901408451
